Date,Tweet,Tweet Account,Tweet Ago,compound_list,negative_list,neutral_list,positive_list
Thu Mar 08 21:28:00 +0000 2018,"This Ancient Egyptian pharaoh invested more in images of himself than any other ruler, and for him, size really did‚Ä¶ https://t.co/IUlHKvTATa",BBC,1,0.0,0.0,1.0,0.0
Thu Mar 08 21:00:04 +0000 2018,"""No matter where in the world, when civilisations first made art, they made it about us.""

@wmarybeard presents ton‚Ä¶ https://t.co/1vJVwidLTH",BBC,2,-0.2732,0.103,0.845,0.052
Thu Mar 08 20:33:04 +0000 2018,"Jack Jarvis and Victor McDade are back for another hilarious six-part series. 

#StillGame | 9:30pm | @BBCOne |‚Ä¶ https://t.co/zFtd4VQyKL",BBC,3,0.4019,0.0,0.856,0.144
Thu Mar 08 20:03:04 +0000 2018,"Lucy and Lee are back! üôåüéâ

#NotGoingOut | 9pm | @BBCOne | https://t.co/dUnnFaIoci https://t.co/gSpTMCPrSC",BBC,4,0.0,0.0,1.0,0.0
Thu Mar 08 18:00:06 +0000 2018,"What advice would YOU give your younger self? ü§î

#InternationalWomensDay #IWD2018 https://t.co/vIwPLtzTbO",BBC,5,0.0,0.0,1.0,0.0
Thu Mar 08 17:30:11 +0000 2018,"In recognition of International Women‚Äôs Day, a playlist in celebration of the funniest, saddest and most significan‚Ä¶ https://t.co/4WCrxvJxFY",BBC,6,-0.1027,0.177,0.664,0.159
Thu Mar 08 17:00:09 +0000 2018,"üî¨ More than half of the UK can't name a famous woman in science. 

Time to change that. 
üëâ https://t.co/3HVhvFaxaT‚Ä¶ https://t.co/KL0D1vIw8S",BBC,7,0.0,0.0,1.0,0.0
Thu Mar 08 16:30:05 +0000 2018,"‚úçÔ∏èüôå Lotte Reiniger is the unsung heroine of early animation. 

#InternationalWomensDay #IWD2018 https://t.co/Z4qDFWXcCS",BBC,8,0.5719,0.0,0.764,0.236
Thu Mar 08 16:05:42 +0000 2018,"RT @BBCMOTD: Favourite emoji?
Champions League or World Cup?

@TekkerzKid quizzes @ManUtd striker @MarcusRashford for #BBCOwnIt.

üì∫ Check o‚Ä¶",BBC,9,0.5803,0.0,0.819,0.181
Thu Mar 08 15:30:09 +0000 2018,"‚öΩÔ∏èü•Ö The story of the fall and rise of women's football, told through 10 objects collected by the National‚Ä¶ https://t.co/xOi8wNW64N",BBC,10,0.0,0.0,1.0,0.0
Thu Mar 08 15:09:13 +0000 2018,"RT @bbcmusic: üôå @Camila_Cabello just dropped the video for 'Never Be The Same' üíï
What do you think?

Watch üëâ https://t.co/gv60m6x9Wk https:‚Ä¶",BBC,11,0.0,0.0,1.0,0.0
Thu Mar 08 15:00:05 +0000 2018,"Nine-year-old Lola thinks more girls should take up skateboarding.

Lola is rad. ü§òüòù

#InternationalWomensDay‚Ä¶ https://t.co/EeOygOVfoh",BBC,12,0.0,0.0,1.0,0.0
Thu Mar 08 14:30:02 +0000 2018,"üé®üñº #AnnieSwynnerton: The woman who forced open the male art world and blazed a trail for female artists.
üëâ‚Ä¶ https://t.co/rHDoqWL4iI",BBC,13,-0.4588,0.143,0.857,0.0
Thu Mar 08 13:30:05 +0000 2018,"üéìüéí These women are pushing young girls into school, not marriage. 

#InternationalWomensDay #IWD2018 https://t.co/TIf5lbu3GZ",BBC,14,0.0,0.0,1.0,0.0
Thu Mar 08 13:09:22 +0000 2018,"RT @bbcworldservice: In Senegal, graffiti artist Zeinixx is campaigning for women's rights... with spray paint. üá∏üá≥ https://t.co/cy2ddCmEKo",BBC,15,0.0,0.0,1.0,0.0
Thu Mar 08 13:02:03 +0000 2018,"RT @bbc5live: ‚ÄúThat was the end of my childhood‚Äù

Money saving expert @MartinSLewis opens up to @tonylivesey about the death of his mum, th‚Ä¶",BBC,16,-0.5994,0.145,0.855,0.0
Thu Mar 08 13:00:08 +0000 2018,üé§ üéßGrime through time: A brief history of one of the biggest music genres to come out of the UK https://t.co/876CsOCFsa,BBC,17,0.0,0.0,1.0,0.0
Thu Mar 08 12:34:42 +0000 2018,"RT @BBCRadio4: Ten female authors who changed sci-fi: https://t.co/r5s1mqYrQD
#IWD2018 https://t.co/cQxHsT9c3E",BBC,18,0.0,0.0,1.0,0.0
Thu Mar 08 12:30:04 +0000 2018,"Thousands of women in the UK can't afford to buy tampons and towels. 

#InternationalWomensDay #IWD2018 https://t.co/66P7IrZ9lB",BBC,19,0.0,0.0,1.0,0.0
Thu Mar 08 12:00:02 +0000 2018,"üë∑üë∑‚Äç‚ôÄÔ∏è Building future engineers - it's a lot easier than you think! 

#BitzAndBob | @CbeebiesHQ https://t.co/YV3kTIj0Dx",BBC,20,0.4753,0.0,0.795,0.205
Thu Mar 08 11:46:51 +0000 2018,"RT @BBCR1: üíõüíõüíõ 

Who's ready for @thegreatkhalid in the Live Lounge?

Make sure you're listening to @claraamfo at 12pm üëâ https://t.co/48Ruy‚Ä¶",BBC,21,0.5859,0.0,0.789,0.211
Thu Mar 08 11:00:05 +0000 2018,"Life advice from one of our all-time favourite women, @DawnFrenchUK.  

#InternationalWomensDay #IWD2018 https://t.co/MAOUgpWb7J",BBC,22,0.0,0.0,1.0,0.0
Thu Mar 08 10:54:28 +0000 2018,RT @bbcthree: Happy International Women‚Äôs Day! Here's @StaceyDooley with some top tips for aspiring broadcasters #IWD2018 https://t.co/Rbq7‚Ä¶,BBC,23,0.6996,0.0,0.721,0.279
Thu Mar 08 10:32:59 +0000 2018,RT @bbcarts: Clay artist @_PhoebeCummings launches her new incredible new work on #InternationalWomensDay. Audiences can watch as the sculp‚Ä¶,BBC,24,0.0,0.0,1.0,0.0
Thu Mar 08 09:57:10 +0000 2018,"RT @BBCRadio4: Who are the women that inspire you the most?
From Dawn_French to @Leomie_Anderson, @ScarlettMoffatt to @saoirse_ronan, women‚Ä¶",BBC,25,0.5719,0.0,0.829,0.171
Thu Mar 08 09:30:12 +0000 2018,üëî The story behind Oscar winner James Ivory‚Äôs Timothee Chalamet shirt: https://t.co/CY4AJusVEg https://t.co/ANiWIYVSsu,BBC,26,0.5859,0.0,0.743,0.257
Thu Mar 08 09:04:01 +0000 2018,"üîß Who built the world? Girls! 

#InternationalWomensDay #IWD2018 https://t.co/6QY6CDcp1h",BBC,27,0.0,0.0,1.0,0.0
Thu Mar 08 08:30:00 +0000 2018,üéß @BBCR1's @ClaraAmfo gives aspiring DJs advice and tells us about who inspires her this #InternationalWomensDay.‚Ä¶ https://t.co/FvBtbQ9cs1,BBC,28,0.4404,0.0,0.838,0.162
Thu Mar 08 08:00:05 +0000 2018,"üí™ A brief history of #feminism. 

#InternationalWomensDay #IWD2018 https://t.co/EGm8W4OKJ2",BBC,29,0.0,0.0,1.0,0.0
Thu Mar 08 07:30:06 +0000 2018,"For more than a century people around the world have been marking #InternationalWomensDay. Here's why.
üëâ‚Ä¶ https://t.co/rkKYo23Qfo",BBC,30,0.0,0.0,1.0,0.0
Wed Mar 07 19:12:02 +0000 2018,"'Harry was looking at his family for the first time in his life'. 

üíõ‚ö°Ô∏è‚ú® David Thewlis reading #HarryPotter is trul‚Ä¶ https://t.co/wAyCDFvrX2",BBC,31,0.0,0.0,1.0,0.0
Wed Mar 07 18:23:04 +0000 2018,"‚úÇÔ∏è ‚ÄòMy hair is a symbol of pride.‚Äô

üíáüèΩüíáüèøüíáüèæ Six stories about black women's hair.
üëâ https://t.co/NfNvGpKpVi https://t.co/V1qrRJzwfu",BBC,32,0.0,0.0,1.0,0.0
Wed Mar 07 17:42:01 +0000 2018,The little mouse that inspired Pikachu is actually a rabbit! https://t.co/AxOQOaK4dS,BBC,33,0.4987,0.0,0.736,0.264
Wed Mar 07 17:27:29 +0000 2018,"RT @BBCTwo: If you haven't seen #ACSVersace yet, Pen√©lope Cruz as Donatella Versace is everything... https://t.co/lH9kfRGqO2",BBC,34,0.0,0.0,1.0,0.0
Wed Mar 07 17:22:51 +0000 2018,"RT @BBCBreakfast: In many ways Hedy Lamarr was the archetypal Hollywood starlet, but the Austrian born actress was also an inventor and the‚Ä¶",BBC,35,0.0,0.0,1.0,0.0
Wed Mar 07 17:22:23 +0000 2018,RT @BBCScotlandNews: A Scottish school has won a prestigious award for its pioneering work helping children with their reading and writing‚Ä¶,BBC,36,0.8555,0.0,0.63,0.37
Wed Mar 07 17:16:45 +0000 2018,RT @bbceurovision: A storm is coming.@surieofficial  ‚õà üëâ https://t.co/LYIiBgcZdA https://t.co/heOKLnjo2N,BBC,37,0.0,0.0,1.0,0.0
Wed Mar 07 17:14:49 +0000 2018,RT @BBCTwo: Nostalgia heaven! How many of these 80s &amp; 90s things can you remember? ü§î #BackInTimeForTea https://t.co/l0R6nHrTj1,BBC,38,0.5562,0.0,0.817,0.183
Wed Mar 07 17:13:49 +0000 2018,"üìñ Time to 'embiggen' your vocabulary.

A new word, first heard on @TheSimpsons in 1996, has been added to the‚Ä¶ https://t.co/qGvkGgjAcB",BBC,39,0.0,0.0,1.0,0.0
Wed Mar 07 16:15:06 +0000 2018,RT @bbccomedy: WOOF! ‚ù§Ô∏è#RikMayallDay https://t.co/ioJtvYVFRO,BBC,40,0.0,0.0,1.0,0.0
Wed Mar 07 14:30:03 +0000 2018,üò± The most hardcore baptism you‚Äôll ever see. https://t.co/aEsVqMUPQ2,BBC,41,0.0,0.0,1.0,0.0
Wed Mar 07 13:24:05 +0000 2018,"#InternationalWomensDay is tomorrow, so there's no better time to test how much you know about female suffrage.
üëâ‚Ä¶ https://t.co/6ulqfr8zyL",BBC,42,0.1742,0.109,0.751,0.14
Wed Mar 07 12:30:04 +0000 2018,üöÇüíÄ All aboard London's Victorian railway for the dead. https://t.co/L7vJO4ybeD,BBC,43,-0.6369,0.321,0.597,0.082
Wed Mar 07 11:42:44 +0000 2018,"üòç The first polar bear cub to be born in the UK for 25 years has emerged at the @RZSS's @HighlandWPark!
üëâ‚Ä¶ https://t.co/4fhzBaxwjF",BBC,44,0.0,0.0,1.0,0.0
Wed Mar 07 11:07:18 +0000 2018,"RT @bbccomedy: Today would have been the 60th birthday of the legend, the genius, the king Rik Mayall. We miss you, sir! #RikMayallDay http‚Ä¶",BBC,45,-0.2244,0.076,0.924,0.0
Wed Mar 07 10:46:56 +0000 2018,The wreck of a US aircraft carrier that was sunk during WW2 has been found off the coast of Australia. https://t.co/8NQfRdFXTE,BBC,46,-0.4404,0.132,0.868,0.0
Wed Mar 07 10:41:15 +0000 2018,RT @BBCFOUR: There's a very good reason this extreme firework was banned... https://t.co/pdfpcDiJ4h,BBC,47,0.4927,0.0,0.775,0.225
Wed Mar 07 09:58:38 +0000 2018,"RT @CBeebiesHQ: 3 out of 4 parents wouldn‚Äôt be able to save their baby from choking. 

Learn how to help in a first aid emergency‚Ä¶https://t‚Ä¶",BBC,48,0.4404,0.108,0.681,0.211
Wed Mar 07 09:00:07 +0000 2018,A moving story of how one woman transformed Alzheimer‚Äôs research forever. ‚ù§Ô∏èhttps://t.co/2fwJDbWT8x,BBC,49,0.0,0.0,1.0,0.0
Wed Mar 07 08:46:22 +0000 2018,RT @BBCOne: They've smashed the record for the highest profit EVER on Antiques Road Trip! üò≤ https://t.co/TNuRcp2EOq,BBC,50,0.4926,0.0,0.825,0.175
Wed Mar 07 08:46:14 +0000 2018,"RT @bbc5live: What happens to your old paint?

A scheme in Leeds to recycle unused paint has saved hundreds of tons of leftovers from endin‚Ä¶",BBC,51,0.4215,0.0,0.891,0.109
Wed Mar 07 08:45:50 +0000 2018,"RT @BBCTwo: When this father and daughter paddled into the sea, they had no idea how much danger they were in... #SavingLivesAtSea https://‚Ä¶",BBC,52,-0.6808,0.211,0.789,0.0
Wed Mar 07 08:44:59 +0000 2018,"RT @cbbc: There are over 128,000 children in the UK without a home.

Watch CBBC's powerful documentary about homeless children on @BBCiPlay‚Ä¶",BBC,53,0.4215,0.0,0.877,0.123
Wed Mar 07 08:30:07 +0000 2018,"Dirty water kills millions every year. 

But one ingenious invention can remove dangerous microbes as they flow tow‚Ä¶ https://t.co/isjxUnr3Dp",BBC,54,-0.8591,0.373,0.627,0.0
Wed Mar 07 08:00:04 +0000 2018,"La Dame de Brassempouy is a beautiful 25,000 year-old representation of a female face. 
#Civilisations https://t.co/aKGUlvJFGF",BBC,55,0.5994,0.0,0.769,0.231
Tue Mar 06 19:30:06 +0000 2018,"üòÇüôä Who has a filthier mouth, Jennifer Lawrence or James McAvoy? https://t.co/lOfGcHVo6R",BBC,56,0.0,0.0,1.0,0.0
Tue Mar 06 18:30:07 +0000 2018,"A diver swims through a thick soup of plastic waste near Bali.
https://t.co/W8GJNKq8rm",BBC,57,-0.4215,0.219,0.781,0.0
Tue Mar 06 18:03:04 +0000 2018,"Every day around the UK, an army of unpaid volunteers put their lives on the line to try and save complete stranger‚Ä¶ https://t.co/W3Fel1iPSK",BBC,58,0.4939,0.0,0.873,0.127
Tue Mar 06 17:30:07 +0000 2018,"Impressive and terrifying in equal measure. 

This woman doesn't just sleepwalk... she sleep-drives too. https://t.co/Ovwb4dNaYJ",BBC,59,-0.1027,0.185,0.65,0.165
Tue Mar 06 17:25:44 +0000 2018,RT @bbcwritersroom: New #Brexit #comedy Soft Border Patrol is set on the border between #NorthernIreland and the Republic of #Ireland. We p‚Ä¶,BBC,60,0.0,0.0,1.0,0.0
Tue Mar 06 17:02:04 +0000 2018,üêß Scientists have stumbled across a huge group of previously unknown Ad√©lie penguins on the most northerly point of‚Ä¶ https://t.co/3GQ8PlQyMY,BBC,61,0.3182,0.0,0.881,0.119
Tue Mar 06 15:30:10 +0000 2018,"Too many Lego bricks is a problem many parents will sympathise with, but now the toy firm itself has admitted it ha‚Ä¶ https://t.co/4J0whItWAN",BBC,62,-0.0644,0.079,0.853,0.068
Tue Mar 06 14:44:33 +0000 2018,RT @bbccomedy: Nothing says welcome to the neighbourhood quite like everyone's favourite busybody üòÇ#TwoDoorsDown https://t.co/dClRm13dm9,BBC,63,0.6997,0.0,0.692,0.308
Tue Mar 06 14:30:05 +0000 2018,"üçª Cheers to that! 

Pubs will be allowed to stay open later than usual to give everyone a chance to celebrate Princ‚Ä¶ https://t.co/K7toUnOwSG",BBC,64,0.8439,0.0,0.664,0.336
Tue Mar 06 13:48:06 +0000 2018,"Tickets, food wrappers and posters provide a fascinating insight into the creativity of North Korea, and the image‚Ä¶ https://t.co/oe4tZwlBJw",BBC,65,0.7269,0.0,0.724,0.276
Tue Mar 06 13:12:33 +0000 2018,"RT @bbcthree: No you can't cure depression with meditation, kale or by simply cheering up. https://t.co/gsM8lRX6N2",BBC,66,0.6246,0.102,0.605,0.293
Tue Mar 06 13:11:26 +0000 2018,RT @BBCScotlandNews: A giant three-dimensional concrete map of Scotland is to be officially unveiled next month in the Borders https://t.co‚Ä¶,BBC,67,0.0,0.0,1.0,0.0
Tue Mar 06 13:10:12 +0000 2018,"üëü‚ôªÔ∏è British designer Anna Bullus is on a mission to recycle chewing gum into useful objects, cleaning up our street‚Ä¶ https://t.co/WbBeJSXXqF",BBC,68,0.4404,0.0,0.868,0.132
Tue Mar 06 12:30:05 +0000 2018,What happened to the beautiful Opal Reef that was one of the stars of David Attenborough's #BluePlanet2? https://t.co/RMNYfrBbdK,BBC,69,0.5994,0.0,0.813,0.187
Tue Mar 06 10:18:16 +0000 2018,"RT @BBCSportWales: We could watch this all day! 

Welcome to the wonderful world of football analogies - starring @SwansOfficial manager Ca‚Ä¶",BBC,70,0.7901,0.0,0.72,0.28
Tue Mar 06 09:00:05 +0000 2018,üêí‚ù§Ô∏è This baby chimp is being flown to a new home in DR Congo after it was rescued from poachers. https://t.co/rUZzDVLBt8,BBC,71,0.4215,0.0,0.872,0.128
Tue Mar 06 08:30:10 +0000 2018,üíçüôÖ Crippling costs and parents' split-ups could be to blame for the declining number of marriages between men and w‚Ä¶ https://t.co/avVWNgx3jH,BBC,72,-0.2732,0.106,0.837,0.057
Tue Mar 06 08:03:02 +0000 2018,"We've all heard thunder before, but what does lightning sound like? ‚ö°Ô∏èü§îhttps://t.co/3BGKK7iukQ",BBC,73,0.5023,0.0,0.772,0.228
Mon Mar 05 19:30:07 +0000 2018,üòÇ Who actually watched the #Oscars? https://t.co/opThFzy37n,BBC,74,0.0,0.0,1.0,0.0
Mon Mar 05 18:38:04 +0000 2018,"No meat. No fish. No eggs. No milk. No cheese. How hard is it to go vegan for a month? 

ü•¶ü•ëüçè Nesta McGregor investi‚Ä¶ https://t.co/1UBRGqIOp6",BBC,75,-0.8555,0.408,0.592,0.0
Mon Mar 05 17:23:22 +0000 2018,"Like father, like daughter.

üòÇüî• @GordonRamsay's daughter has already mastered the art of the roast. https://t.co/0dqwntX5uj",BBC,76,0.6124,0.0,0.737,0.263
Mon Mar 05 17:15:34 +0000 2018,RT @BBCFOUR: The little mouse that inspired Pikachu is actually... a rabbit. https://t.co/mHCFFXczka,BBC,77,0.4472,0.0,0.789,0.211
Mon Mar 05 17:00:31 +0000 2018,"""I made a promise to our six-year-old lead actress that I would sign this speech. My hands are shaking a little bit‚Ä¶ https://t.co/HgFpUtHDTB",BBC,78,0.1531,0.077,0.818,0.105
Mon Mar 05 14:48:43 +0000 2018,"RT @BBCRadio4: As it's Hexagonal Phase approaches, a brief history of the Hitchhiker's Guide: https://t.co/Ehp9AfMyn8 #h2g2 https://t.co/9F‚Ä¶",BBC,79,0.0,0.0,1.0,0.0
Mon Mar 05 14:43:13 +0000 2018,RT @BBCFOUR: How did Julius Caesar hide his bald patch? https://t.co/SME5Dfwifj,BBC,80,-0.1779,0.145,0.855,0.0
Mon Mar 05 14:42:36 +0000 2018,"RT @BBC_Teach: Thursday is #InternationalWomensDay

Reflecting on The Representation of the People Act with your class? @gemcairn traces th‚Ä¶",BBC,81,0.0,0.0,1.0,0.0
Mon Mar 05 14:11:28 +0000 2018,"RT @bbc5live: When you almost (accidentally) kill @Harry_Styles on the set of Dunkirk‚Ä¶ üò≥

 #Oscars https://t.co/G127l5yPkY",BBC,82,-0.6621,0.24,0.76,0.0
Mon Mar 05 14:07:00 +0000 2018,"RT @cbbc: Which football clubs charge the most for their pies? Take the imPIErative quiz here ‚öΩÔ∏èüç¥ üëâ https://t.co/xlSch4HVvl

#BritishPieWee‚Ä¶",BBC,83,0.0,0.0,1.0,0.0
Mon Mar 05 13:17:03 +0000 2018,"üê∂üíõ Little Ivor the Staffordshire puppy is deaf, but since learning sign language his life has changed for the bette‚Ä¶ https://t.co/vL83oBTAIL",BBC,84,0.0,0.0,1.0,0.0
Mon Mar 05 13:07:19 +0000 2018,RT @BBCFood: #MeatFreeMonday + #BritishPieWeek = Lancashire cheese and onion pie üôå ü•ßüßÄ https://t.co/07cH2MESmI https://t.co/G79WTJJnKr,BBC,85,0.0,0.0,1.0,0.0
Mon Mar 05 12:34:04 +0000 2018,"What is the best way to cope with adult acne? @BBCWomansHour asked dermatologist @DrAnjaliMahto to find out... 
üìªüëâ‚Ä¶ https://t.co/DxHxgWTslT",BBC,86,0.6369,0.0,0.811,0.189
Mon Mar 05 12:33:12 +0000 2018,"RT @bbcgetinspired: It was a feat some doctors said was impossible. Then Roger Bannister came along.

The first man to run a four-minute mi‚Ä¶",BBC,87,0.0,0.0,1.0,0.0
Mon Mar 05 11:54:02 +0000 2018,"üêãüèä What an experience!  
This is what it's like to go swimming with whales... 
#AmazingHotels https://t.co/ji90J6Olsj",BBC,88,0.4199,0.0,0.843,0.157
Mon Mar 05 11:37:55 +0000 2018,"‚ù§Ô∏è Just adorable. 
How would you react if your daughter won an Oscar? 
#TheSilentChild #Oscars https://t.co/ienD3dDtKX",BBC,89,0.7845,0.0,0.67,0.33
Mon Mar 05 11:00:11 +0000 2018,"This year's #Oscars have been handed out at the 90th annual Academy Awards in Hollywood. Find out who won, and who‚Ä¶ https://t.co/ZxfsMpDVwd",BBC,90,0.7717,0.0,0.749,0.251
Mon Mar 05 10:42:57 +0000 2018,"RT @BBCCornwall: It's #StPiransDay - so cheers to everyone! #GoolPeranLowen üåÆ

Bit of fun .. complete this sentence ""You know you're #Corni‚Ä¶",BBC,91,0.8384,0.0,0.655,0.345
Mon Mar 05 10:42:50 +0000 2018,"RT @BBC6Music: ü•ü Gool Peran Lowen / Happy #StPiransDay to all of our 
‚Äòansom Cornish listeners. 

To celebrate Gwenno is in session for @la‚Ä¶",BBC,92,0.8126,0.0,0.73,0.27
Mon Mar 05 10:09:20 +0000 2018,"RT @BBCRD: Available now! üì≤ Download the #Civilisations Augmented Reality app @BBCTaster to explore classic art, objects, and artefacts fro‚Ä¶",BBC,93,0.0,0.0,1.0,0.0
Mon Mar 05 09:58:23 +0000 2018,RT @BBCRadio2: What'sthe first leg of @ZoeTheBall's epic Sport Relief challenge? üö≤ She updates @achrisevans on #HardestRoadHome @sportrelie‚Ä¶,BBC,94,0.5267,0.0,0.773,0.227
Mon Mar 05 09:30:07 +0000 2018,üé≠üé¨#Oscars outfits designed to dazzle - all the red carpet glamour from the 90th Academy Awards in pictures‚Ä¶ https://t.co/iMBBXl75k0,BBC,95,0.7506,0.0,0.714,0.286
Mon Mar 05 09:00:05 +0000 2018,üòç A rare pure-white stoat! https://t.co/VoR9jXJmk4,BBC,96,0.0,0.0,1.0,0.0
Mon Mar 05 08:30:04 +0000 2018,"Many personality traits can be observed but there are other hidden forces that shape who we are.
üëâ‚Ä¶ https://t.co/aTsldl7s1z",BBC,97,0.0,0.0,1.0,0.0
Mon Mar 05 08:00:04 +0000 2018,"üêùüçØ How honey is collected.
#AmazingHotels https://t.co/UIJKlsamx5",BBC,98,0.0,0.0,1.0,0.0
Sun Mar 04 20:11:35 +0000 2018,RT @BBCNewsbeat: Miss Piggy has some strong feelings about this year's #Oscars selection üôàüòÇ https://t.co/vzHGz8PtmD,BBC,99,0.4019,0.089,0.726,0.184
Sun Mar 04 19:00:05 +0000 2018,Sloths have survived for more than 60 million years - what makes them so successful?  https://t.co/H4BAA5kAOL,BBC,100,0.8468,0.0,0.614,0.386
Thu Mar 08 18:00:49 +0000 2018,Today and every day we celebrate the women in our lives who empower and inspire us. Share a story about an¬†influent‚Ä¶ https://t.co/9rVtqrElvT,CBS,1,0.8625,0.0,0.664,0.336
Thu Mar 08 17:03:04 +0000 2018,Take and post a photo of the woman in your life who inspires you daily! Use the hashtag #WomanAmenACM in your post‚Ä¶ https://t.co/7ShhvE48zy,CBS,2,0.4926,0.0,0.868,0.132
Wed Mar 07 18:39:10 +0000 2018,"RT @thegoodfight: Meticulously constructed. Soapy &amp; sexy. Intoxicating, savage television. üî• Here's what critics are saying about #TheGoodF‚Ä¶",CBS,3,-0.2023,0.23,0.619,0.15
Wed Mar 07 17:06:02 +0000 2018,"This just in! @Jason_Aldean, @mirandalambert, @LukeBryanOnline, and many more are set to perform at the 53rd Academ‚Ä¶ https://t.co/mfxw2VxzU4",CBS,4,0.0,0.0,1.0,0.0
Tue Mar 06 18:10:59 +0000 2018,"Meet the ensemble of talented actors slated to join $1, a new mystery series coming to CBS All Access:‚Ä¶ https://t.co/QoyYv7vxwg",CBS,5,0.6705,0.0,0.756,0.244
Mon Mar 05 22:16:43 +0000 2018,"Will @Jason_Aldean, @garthbrooks, @LukeBryanOnline, @ChrisStapleton, or @KeithUrban be named Entertainer Of The Yea‚Ä¶ https://t.co/rMD8zjeX3s",CBS,6,0.3818,0.0,0.833,0.167
Sun Mar 04 08:05:26 +0000 2018,"RT @thegoodfight: It feels good to be back. üë†üíÑüî• The season 2 premiere of #TheGoodFight is now streaming, exclusively on CBS All Access: htt‚Ä¶",CBS,7,0.4404,0.0,0.884,0.116
Sat Mar 03 20:55:20 +0000 2018,"RT @thegoodfight: Tomorrow, #TheGoodFight is back. Stream the season 2 premiere only on CBS All Access: https://t.co/tNFR8LBJO2 https://t.c‚Ä¶",CBS,8,0.0,0.0,1.0,0.0
Fri Mar 02 22:30:01 +0000 2018,"Who are the trailblazing women in your life that inspire you? Join CBS and the ANA's #SeeHer initiative, celebratin‚Ä¶ https://t.co/M0KqZ41Bes",CBS,9,0.7096,0.0,0.753,0.247
Fri Mar 02 20:30:01 +0000 2018,"Join @maria_bello, @aishatyler and @TeaLeoni in celebrating the accomplishments of women who have contributed to th‚Ä¶ https://t.co/MefESBeFL3",CBS,10,0.7096,0.0,0.718,0.282
Fri Mar 02 18:45:00 +0000 2018,"In honor of Women's History Month, CBS and the Association of National Advertisers' (ANA) #SeeHer initiative will p‚Ä¶ https://t.co/2wtYxKJVuO",CBS,11,0.4939,0.0,0.849,0.151
Thu Mar 01 18:59:01 +0000 2018,RT @ZoeListerJones: Tonight‚Äôs an all new Life In Pieces and it‚Äôs directed by my ride or die @nataliaanderson!!!‚Ä¶ https://t.co/2LPfmyLWrY,CBS,12,-0.6981,0.21,0.79,0.0
Thu Mar 01 18:12:57 +0000 2018,"RT @MarenMorris: Hot damn! Woke up from my post-wisdom teeth haze to find out I‚Äôm up for 4 @ACMawards ! So honored, especially for the Dear‚Ä¶",CBS,13,0.4547,0.092,0.749,0.159
Thu Mar 01 18:11:50 +0000 2018,RT @KelseaBallerini: Ohhhhh goodness. Incredible. Thank you thank you thank you. #female https://t.co/1ZTYjNfQeF,CBS,14,0.8591,0.0,0.462,0.538
Thu Mar 01 18:10:50 +0000 2018,RT @KeithUrban: ACMs...... HOLY SMOKES!!!!! MAD LOVE TO U ALL THIS MORNING  FOR THESE INCREDIBLE NOMINATIONS. I‚ÄôM EXTREMELY GRATEFUL!!!!!!!‚Ä¶,CBS,15,0.4885,0.151,0.615,0.234
Thu Mar 01 14:36:21 +0000 2018,"RT @ACMawards: Congratulations to this year‚Äôs #ACMawards Video of the Year nominees:
‚ÄúBlack‚Äù - @DierksBentley
‚ÄúIt Ain‚Äôt My Fault‚Äù - @Brothe‚Ä¶",CBS,16,0.5994,0.0,0.822,0.178
Thu Mar 01 14:29:20 +0000 2018,"RT @ACMawards: Please give a round of applause to this year‚Äôs #ACMawards Entertainer of the Year nominees: @Jason_Aldean, @GarthBrooks, @Lu‚Ä¶",CBS,17,0.7717,0.0,0.675,0.325
Thu Mar 01 14:15:29 +0000 2018,".@ChrisStapleton, @ThomasRhett, @mirandalambert and more are all nominated for awards at Country Music's Party of t‚Ä¶ https://t.co/Vm1vXRUDYJ",CBS,18,0.6908,0.0,0.725,0.275
Thu Mar 01 13:50:11 +0000 2018,"The Queen of Country, @Reba, is returning to host the 53rd #ACMawards on Sunday, April 15 at 8/7c. Here are a few o‚Ä¶ https://t.co/Iqzz6Gql01",CBS,19,0.0,0.0,1.0,0.0
Thu Mar 01 01:04:52 +0000 2018,RT @survivorcbs: It‚Äôs time! #Survivor https://t.co/YPk6cGWrUA,CBS,20,0.0,0.0,1.0,0.0
Wed Feb 28 19:56:58 +0000 2018,"RT @CBSThisMorning: TOMORROW: The nominees for the 2018 @ACMawards will be announced live by the one-and-only, @Reba! 

Watch on @CBS in ou‚Ä¶",CBS,21,0.0,0.0,1.0,0.0
Wed Feb 28 19:08:30 +0000 2018,"RT @thegoodfight: From the set design and costumes to hair and makeup, the production quality is truly next-level. Take a peek inside the u‚Ä¶",CBS,22,0.4404,0.0,0.884,0.116
Tue Feb 27 03:23:47 +0000 2018,RT @LivinBiblically: The fun continues on Facebook! The #LivingBiblically cast is live to talk about tonight‚Äôs premiere. Tune in here: http‚Ä¶,CBS,23,0.5562,0.0,0.848,0.152
Mon Feb 26 22:50:32 +0000 2018,"RT @KevinCanWaitCBS: Can you get all the way through these #KevinCanWait bloopers without laughing?! @KevinJames,@LeahRemini and the rest o‚Ä¶",CBS,24,0.0,0.0,1.0,0.0
Mon Feb 26 21:08:30 +0000 2018,"RT @ACMawards: That‚Äôs right! @Reba is headed to @CBSThisMorning on Thursday, March 1 to announce this year‚Äôs #ACMAwards' nominees. Tune in‚Ä¶",CBS,25,0.0,0.0,1.0,0.0
Mon Feb 26 19:53:41 +0000 2018,"RT @ScorpionCBS: You can't hack your way to a 197 IQ, but you are well on your way with these Genius Facts from #TeamScorpion! üíª You can be‚Ä¶",CBS,26,0.4482,0.0,0.895,0.105
Mon Feb 26 18:32:36 +0000 2018,RT @SuperiorDonuts: You can always count on @DavidKoechner for a laugh! Did your favorite Tush moment make the list? Catch a new #SuperiorD‚Ä¶,CBS,27,0.784,0.0,0.734,0.266
Mon Feb 26 18:20:16 +0000 2018,RT @TheTalkCBS: TODAY: We loved them together then &amp; we love seeing them together now! Welcome back to the show @THESaraGilbert‚Äã's good fri‚Ä¶,CBS,28,0.9359,0.0,0.571,0.429
Mon Feb 26 16:53:56 +0000 2018,"RT @thegoodfight: As foundations begin to crumble, our characters struggle to make sense of this new dystopian world. The cast teases what'‚Ä¶",CBS,29,-0.5423,0.184,0.816,0.0
Mon Feb 26 16:52:01 +0000 2018,"#LivingBiblically's @linzkraft and @jrfergjr appeared on @KCBS's Facebook Live this morning, talking all about what‚Ä¶ https://t.co/4RebcHuuMQ",CBS,30,0.0,0.0,1.0,0.0
Mon Feb 26 16:17:55 +0000 2018,"RT @CBSSports: Introducing CBS Sports HQ, a New 24/7 Direct-to-Consumer Streaming Network for Sports News, Highlights, &amp; Analysis.

Stream‚Ä¶",CBS,31,0.0,0.0,1.0,0.0
Mon Feb 26 01:12:32 +0000 2018,"RT @CBSBigBrother: It‚Äôs down to the final 5 celebrity Houseguests, and anyone could take home the grand prize! Tune in NOW to watch the #BB‚Ä¶",CBS,32,0.7644,0.0,0.769,0.231
Sun Feb 25 21:51:32 +0000 2018,RT @startrekcbs: Binge the entire first season of #StarTrekDiscovery. All episodes now streaming exclusively on CBS All Access: https://t.c‚Ä¶,CBS,33,0.0,0.0,1.0,0.0
Sun Feb 25 21:51:22 +0000 2018,"RT @thegoodfight: #TheGoodFight returns in 1 week. Season 2 premieres Sunday, March 4. https://t.co/nomCao1GWp https://t.co/BOn6bOe9Tb",CBS,34,0.0,0.0,1.0,0.0
Fri Feb 23 18:15:40 +0000 2018,RT @thegoodfight: This is our new favorite thing. Christine Baranski debuted #TheGoodFight the Musical on @colbertlateshow last night! üéµüé§‚Ä¶,CBS,35,0.5093,0.0,0.845,0.155
Thu Feb 22 19:26:52 +0000 2018,"RT @LivinBiblically: Confession time: have YOU ever hit the ""close door"" button in an elevator while somebody was approaching? The cast of‚Ä¶",CBS,36,0.0,0.0,1.0,0.0
Wed Feb 21 19:20:04 +0000 2018,RT @CBSEyeSpeak: Mark your calendars! #CBSEyeSpeak kicks off March 14 with The EYE Speak Summit. Follow our page for more details! https://‚Ä¶,CBS,37,0.0,0.0,1.0,0.0
Wed Feb 21 18:19:25 +0000 2018,"RT @CBSEyeSpeak: Proud to announce a new CBS initiative, promoting female empowerment and developing the next generation of leaders through‚Ä¶",CBS,38,0.6808,0.0,0.752,0.248
Tue Feb 20 19:55:19 +0000 2018,"RT @LivinBiblically: When you're living by the Bible, it's good to have a priest and a rabbi on call (provided they answer their phones, th‚Ä¶",CBS,39,0.4404,0.0,0.884,0.116
Tue Feb 20 17:58:18 +0000 2018,"RT @thegoodfight: Chicago lawyers are being hunted and the world is going insane. 

The new season of #TheGoodFight premieres Sunday, March‚Ä¶",CBS,40,-0.4019,0.119,0.881,0.0
Tue Feb 20 17:39:51 +0000 2018,Ready for some larger than life competition? This new series from @MarkBurnettTV will premiere in summer 2018.‚Ä¶ https://t.co/gDXHLdIJ5v,CBS,41,0.3612,0.0,0.872,0.128
Sat Feb 17 01:07:20 +0000 2018,"With tournament dreams on the line, make sure to stream these college basketball matchups on CBS All Access:‚Ä¶ https://t.co/SGkYUZrQWB",CBS,42,0.6124,0.0,0.773,0.227
Fri Feb 16 18:42:43 +0000 2018,"RT @LivinBiblically: While Chip's sticking to the Bible's original rules, the cast of #LivingBiblically has given them a more modern makeov‚Ä¶",CBS,43,0.3182,0.0,0.892,0.108
Fri Feb 16 17:48:20 +0000 2018,"Casting News! Peter Mark Kendall, Michael Gaston, Greg Wise, Rade ≈†erbed≈æija, Zack Pearlman, and Keye Chen join the‚Ä¶ https://t.co/GFob2KrD8H",CBS,44,0.68,0.0,0.752,0.248
Wed Feb 14 19:23:27 +0000 2018,RT @BullCBS: The verdict is in...#Bull is the perfect Valentine! ‚ù§Ô∏è Happy #ValentinesDay! https://t.co/poEejI4AnC,CBS,45,0.8619,0.0,0.534,0.466
Tue Feb 13 20:03:56 +0000 2018,"RT @NoActivityCBS: Car 27 reporting: Season 2 of #NoActivity coming soon!

Binge season one now on CBS All Access: https://t.co/yvxoQMeyhN‚Ä¶",CBS,46,0.0,0.0,1.0,0.0
Tue Feb 13 18:54:52 +0000 2018,"RT @LivinBiblically: Against all odds (and the advice of his God Squad), Chip is determined to live life by the Good Book. Think you could‚Ä¶",CBS,47,0.7506,0.0,0.748,0.252
Mon Feb 12 18:49:45 +0000 2018,RT @thegoodfight: Christine Baranski reflects upon the spectacular metamorphosis of her character in #TheGoodFight's first season. Revisit‚Ä¶,CBS,48,0.0,0.0,1.0,0.0
Mon Feb 12 01:32:33 +0000 2018,RT @startrekcbs: Binge the entire first season of #StarTrekDiscovery. All 15 episodes now streaming on CBS All Access: https://t.co/lKLaptP‚Ä¶,CBS,49,0.0,0.0,1.0,0.0
Fri Feb 09 00:50:01 +0000 2018,RT @SuperiorDonuts: Looking for a #Valentine? Tush is here to help you land your dream date just in time for the day of love! #SuperiorDonu‚Ä¶,CBS,50,0.8478,0.0,0.696,0.304
Thu Feb 08 16:09:35 +0000 2018,RT @CBSBigBrother: The pressure is on as the Houseguests battle each other for victory in the first HOH competition. Stream the season prem‚Ä¶,CBS,51,-0.5859,0.186,0.814,0.0
Wed Feb 07 18:35:19 +0000 2018,"RT @startrekcbs: Sunday, this season's epic journey reaches its final reckoning. Catch up before the season finale: https://t.co/4Ea5wpmAep‚Ä¶",CBS,52,0.0516,0.0,0.934,0.066
Wed Feb 07 16:17:48 +0000 2018,"Are you a sucker for jaw-dropping talent competitions? Announcing The World's Best, a first-of-its-kind new global‚Ä¶ https://t.co/fagCMklm2Z",CBS,53,0.5574,0.152,0.536,0.312
Tue Feb 06 22:21:39 +0000 2018,"RT @BullCBS: Tonight, one of these 3 TAC employees will end up incarcerated. Who do you think it will be? Tune into a new episode of #Bull‚Ä¶",CBS,54,0.0,0.0,1.0,0.0
Tue Feb 06 17:05:49 +0000 2018,"RT @thegoodfight: There's no season like lawyer season. #TheGoodFight returns March 4, exclusively on CBS All Access. https://t.co/XAlrg1nB‚Ä¶",CBS,55,0.0772,0.106,0.773,0.121
Sun Feb 04 15:35:36 +0000 2018,"RT @thegoodfight: The acclaimed series returns in 1 month. #TheGoodFight is back Sunday, March 4. https://t.co/5BNLTYRd8p https://t.co/yInP‚Ä¶",CBS,56,0.0,0.0,1.0,0.0
Sun Feb 04 12:00:01 +0000 2018,".@KeshaRose's emotional performance with @CyndiLauper, @AndraDayMusic, @BebeRexha and @Camila_Cabello brought the a‚Ä¶ https://t.co/qpgS2e9ir0",CBS,57,0.1531,0.0,0.882,0.118
Sat Feb 03 23:11:43 +0000 2018,Broadway legend Patti LuPone paid tribute to Sir Andrew Lloyd Webber with a show-stopping rendition of the iconic s‚Ä¶ https://t.co/GxqLtUzhFP,CBS,58,0.0,0.0,1.0,0.0
Sat Feb 03 12:00:07 +0000 2018,"Relive an entire night's worth of big wins, live performances and many more inspiring moments from The 60th Annual‚Ä¶ https://t.co/CH7mJ4Y3QT",CBS,59,0.8268,0.0,0.662,0.338
Fri Feb 02 22:36:13 +0000 2018,RT @swatcbs: ‚ú®@TheTalkCBS' @TheRealEve and @ShemarMoore brought some serious heat to the GRAMMYs red carpet: https://t.co/WYTITKkLQd https:‚Ä¶,CBS,60,-0.0772,0.075,0.925,0.0
Fri Feb 02 20:07:40 +0000 2018,"The all-star collaboration between @Rihanna, @DJKhaled and @brysontiller brought the party to the #GRAMMYs with a s‚Ä¶ https://t.co/jTv5QbtgUp",CBS,61,0.4019,0.0,0.856,0.144
Fri Feb 02 19:03:33 +0000 2018,RT @TheTalkCBS: All the #redcarpet looks from the 60th annual #GRAMMYs! Did you catch @TheRealEve's sparkly two-piece suit? Diamond accents‚Ä¶,CBS,62,0.4003,0.0,0.876,0.124
Fri Feb 02 17:23:18 +0000 2018,Go backstage with the celebs and see which stars celebrated the big night together! Here are the moments you missed‚Ä¶ https://t.co/rgQTXRQyLg,CBS,63,0.6114,0.0,0.834,0.166
Thu Feb 01 22:04:41 +0000 2018,üé∂ @DearEvanHansen star Ben Platt gave a soaring performance of a classic Broadway hit. Watch him perform 'Somewhere‚Ä¶ https://t.co/HcuizFWo02,CBS,64,0.0,0.0,1.0,0.0
Thu Feb 01 20:09:49 +0000 2018,"üé∏ @LittleBigTown, @U2, @BrunoMars and @Pink are just a few of the superstar performers that lit up the stage at The‚Ä¶ https://t.co/2v0MNYMItG",CBS,65,0.0,0.0,1.0,0.0
Wed Jan 31 21:42:15 +0000 2018,"Don't miss country stars Emmylou Harris and @ChrisStapleton perform a moving rendition of @TomPetty's classic song,‚Ä¶ https://t.co/GxoIW97XIu",CBS,66,0.1139,0.0,0.912,0.088
Wed Jan 31 17:05:47 +0000 2018,RT @survivorcbs: Get excited! üôå It‚Äôs finally time to meet the castaways of #Survivor: Ghost Island ‚ò† https://t.co/xQQ8ROhKbM https://t.co/P‚Ä¶,CBS,67,0.1007,0.115,0.75,0.135
Wed Jan 31 16:37:17 +0000 2018,"Country stars @EricChurch, @BrothersOsborne and @MarenMorris performed a touching tribute dedicated to the victims‚Ä¶ https://t.co/YCIq9i70fd",CBS,68,0.4588,0.0,0.812,0.188
Wed Jan 31 06:55:30 +0000 2018,Missed the Man vs. Beast #SuperBowlCommercials showdown? Catch up now to find out which entertaining ad was named t‚Ä¶ https://t.co/SlyO0n7yMX,CBS,69,0.1779,0.095,0.779,0.126
Wed Jan 31 02:15:16 +0000 2018,"RT @rikimae: Ok, that one makes me cry #superbowlcommercials",CBS,70,-0.2263,0.252,0.569,0.179
Wed Jan 31 01:58:40 +0000 2018,"If this doesn‚Äôt make you cry, nothing will. #SuperBowlCommercials https://t.co/UjFf3xr4so",CBS,71,-0.4767,0.256,0.744,0.0
Wed Jan 31 01:52:46 +0000 2018,"RT @maverickkr: #superbowlcommercials the frogs were great, I'd forgotten about that one.",CBS,72,0.4939,0.119,0.625,0.256
Wed Jan 31 01:49:43 +0000 2018,"If you haven't voted yet, it's not too late! Choose your favorite here: https://t.co/s4pEIF5IX8‚Ä¶ https://t.co/VCa1YHDyYy",CBS,73,0.5093,0.0,0.81,0.19
Wed Jan 31 01:31:27 +0000 2018,RT @5691e44f3b66446: I am having so much fun ...the commercials are awesome #superbowlcommercials,CBS,74,0.8261,0.0,0.566,0.434
Wed Jan 31 01:29:10 +0000 2018,RT @LittleShelbyMae: Love watching the #superbowlcommercials all the animal ones are my favorite!!,CBS,75,0.8309,0.0,0.586,0.414
Wed Jan 31 01:24:16 +0000 2018,RT @PatHale915: Doritos time machine was great!   #superbowlcommercials,CBS,76,0.6588,0.0,0.614,0.386
Wed Jan 31 01:18:37 +0000 2018,Never make a goat angry. #SuperBowlCommercials https://t.co/xRJssdAErk,CBS,77,-0.5106,0.398,0.602,0.0
Wed Jan 31 01:17:37 +0000 2018,RT @MsLindsieStarr: That dang goat! #Doritos #superbowlcommercials,CBS,78,0.0,0.0,1.0,0.0
Wed Jan 31 01:16:15 +0000 2018,Do you remember this Super Bowl commercial featuring @KevinHart4real playing an overprotective father?‚Ä¶ https://t.co/ejLnTEG5ug,CBS,79,0.7525,0.0,0.651,0.349
Wed Jan 31 01:08:01 +0000 2018,RT @dRoy: Homework will take a break for now. #superbowlcommercials on cbs is on üëå,CBS,80,0.0,0.0,1.0,0.0
Wed Jan 31 01:04:34 +0000 2018,RT @Mixxxalv: Watching #superbowlcommercials let the best win!,CBS,81,0.8516,0.0,0.42,0.58
Wed Jan 31 01:00:35 +0000 2018,Super Bowl Greatest Commercials 2018 hosts @7BOOMERESIASON and @DanielaRuah are moments away from announcing the tw‚Ä¶ https://t.co/cKM1WXPc9u,CBS,82,0.8442,0.0,0.649,0.351
Wed Jan 31 00:55:04 +0000 2018,It's Man vs. Beast as these classic Super Bowl spots face off tonight on Super Bowl Greatest Commercials 2018! Tune‚Ä¶ https://t.co/GcoSAcfeUd,CBS,83,0.923,0.0,0.594,0.406
Wed Jan 31 00:37:20 +0000 2018,"Tonight, get a first look at #ChrisElliott starring in the new @AvosfromMexico Super Bowl Commercial on‚Ä¶ https://t.co/WMEjsZfgdg",CBS,84,0.5994,0.0,0.794,0.206
Wed Jan 31 00:11:53 +0000 2018,"Join @NCISLA's @DanielaRuah and @7BOOMERESIASON on Super Bowl Greatest Commercials 2018, tonight at 8/7c on CBS and‚Ä¶ https://t.co/nzVu1FCRc5",CBS,85,0.8834,0.0,0.593,0.407
Tue Jan 30 23:35:01 +0000 2018,Everyone knows the best part of the Super Bowl is the commercials! Find out how to tune in and vote for your favori‚Ä¶ https://t.co/KGDYl9oF98,CBS,86,0.8553,0.0,0.724,0.276
Tue Jan 30 21:19:22 +0000 2018,Throw it back to this classic Michael Jordan vs. Larry Bird spot tonight on Super Bowl Greatest Commercials 2018! W‚Ä¶ https://t.co/g2H4zV7wIN,CBS,87,0.8553,0.0,0.694,0.306
Tue Jan 30 18:46:04 +0000 2018,"Super Bowl Greatest Commercials 2018 airs tonight! Cast your vote now, then tune in and vote for the winner live at‚Ä¶ https://t.co/h4jGpUheP5",CBS,88,0.9215,0.0,0.609,0.391
Tue Jan 30 16:00:02 +0000 2018,Remember when @robinthicke and Lil Wayne (@liltunechi) joined jazz legends on stage at the 51st #GRAMMYs? Watch thi‚Ä¶ https://t.co/2l8gBdOrli,CBS,89,0.0,0.0,1.0,0.0
Tue Jan 30 04:03:31 +0000 2018,"Tomorrow, catch a sneak peek of the incredible @TiffanyHaddish in her first Super Bowl Commercial for @Groupon on‚Ä¶ https://t.co/RlehujNvFN",CBS,90,0.5994,0.0,0.813,0.187
Tue Jan 30 03:17:51 +0000 2018,Rapper @Logic301 delivered a poignant message of hope to conclude his powerful performance with @alessiacara and‚Ä¶ https://t.co/elSqZExRtN,CBS,91,0.6908,0.0,0.711,0.289
Tue Jan 30 02:12:15 +0000 2018,Even our host @JKCorden was starstruck when Broadway icon Patti LuPone performed at The #GRAMMYs! https://t.co/YJhNBllFh6,CBS,92,0.0,0.0,1.0,0.0
Tue Jan 30 01:29:06 +0000 2018,Childish Gambino serenaded the crowd with his smooth vocals in this mesmerizing performance. Watch him perform 'Ter‚Ä¶ https://t.co/TkWZP7PS22,CBS,93,-0.296,0.115,0.885,0.0
Tue Jan 30 00:11:05 +0000 2018,.@OfficialSting and @shaggy757 joined together to bring their upbeat reggae vibes to Madison Square Garden. Watch t‚Ä¶ https://t.co/iqq0DbM1IR,CBS,94,0.0,0.0,1.0,0.0
Mon Jan 29 22:45:21 +0000 2018,Superstar @Pink left it all on the stage last night in a simply stunning performance that brought the crowd to thei‚Ä¶ https://t.co/B9Tj5INcNu,CBS,95,0.3818,0.0,0.885,0.115
Mon Jan 29 22:10:15 +0000 2018,Check out these photos of the night's best backstage moments you didn't see on TV! Here's what you missed at The 60‚Ä¶ https://t.co/6TBI8NV8JJ,CBS,96,0.5093,0.079,0.758,0.162
Mon Jan 29 20:00:04 +0000 2018,The dapper duo of @itstonybennett and @johnlegend brought down the #GRAMMYs house with an impromptu duet.‚Ä¶ https://t.co/ucRrAFk59f,CBS,97,0.0,0.0,1.0,0.0
Mon Jan 29 19:00:05 +0000 2018,üé∂@BrunoMars worked his 24K Magic to become the night's biggest winner. See his #GRAMMYs acceptance speech for Album‚Ä¶ https://t.co/dXzjWH0myx,CBS,98,0.7783,0.0,0.714,0.286
Mon Jan 29 18:00:02 +0000 2018,When your win at The #GRAMMYs feels like 24K Magic! Congratulations to @BrunoMars for taking home six awards this y‚Ä¶ https://t.co/UhWCE8OKfK,CBS,99,0.9259,0.0,0.558,0.442
Mon Jan 29 17:15:04 +0000 2018,‚ú®@LadyGaga's stripped-down performance soared on the #GRAMMYs stage. See all the night's performances here:‚Ä¶ https://t.co/Dw6xSzeeGC,CBS,100,0.0,0.0,1.0,0.0
Thu Mar 08 22:41:40 +0000 2018,"""We have not had a new class of antivirals for 20 years,"" the director of a research authority said during a congre‚Ä¶ https://t.co/4mZsQD3o3p",CNN,1,0.0772,0.0,0.936,0.064
Thu Mar 08 22:33:03 +0000 2018,"With America facing a massive nursing shortage, some hospitals are offering five-figure signing bonuses, free housi‚Ä¶ https://t.co/tyTDsUsOOk",CNN,2,0.7096,0.091,0.594,0.315
Thu Mar 08 22:33:00 +0000 2018,McDonald's is celebrating #InternationalWomensDay by flipping its famous golden arches https://t.co/biYp1YVTaj https://t.co/zxmxcnboZ5,CNN,3,0.5719,0.0,0.748,0.252
Thu Mar 08 22:24:48 +0000 2018,"JUST IN: President Trump tells reporters that South Korea will make a ""major announcement"" concerning North Korea a‚Ä¶ https://t.co/sTJhwnYh9b",CNN,4,0.0,0.0,1.0,0.0
Thu Mar 08 22:11:01 +0000 2018,The IRS says it has $1.1 billion in unclaimed tax refunds for 2014. Now's your last chance to claim it.‚Ä¶ https://t.co/dsyeTUeNmZ,CNN,5,0.25,0.0,0.909,0.091
Thu Mar 08 22:08:10 +0000 2018,"RT @TheLeadCNN: More than 100 GOP members of Congress wrote Trump on Wednesday urging him to ""reconsider the idea of broad tariffs to avoid‚Ä¶",CNN,6,0.0,0.0,1.0,0.0
Thu Mar 08 22:04:57 +0000 2018,"When NASA's Parker Solar Probe travels into the sun's atmosphere, you can ride along. Well, your name can.‚Ä¶ https://t.co/XqFJGw25fo",CNN,7,0.2732,0.0,0.896,0.104
Thu Mar 08 22:01:20 +0000 2018,A senior adviser at HUD spread a false conspiracy theory that claimed Hillary Clinton's 2016 presidential campaign‚Ä¶ https://t.co/sKaKkCuZXu,CNN,8,-0.5267,0.185,0.815,0.0
Thu Mar 08 22:00:47 +0000 2018,"Why block a user when the mute button could do?

That is one of the questions posed in a lawsuit alleging that Pres‚Ä¶ https://t.co/YPNMw3wWoc",CNN,9,-0.5859,0.194,0.806,0.0
Thu Mar 08 21:55:24 +0000 2018,"""President Trump might be facing a period of stormy news coverage over allegations he paid to cover up an affair wi‚Ä¶ https://t.co/9ewX30Rcr1",CNN,10,0.0,0.0,1.0,0.0
Thu Mar 08 21:53:33 +0000 2018,Sen. Jeff Flake threatens to introduce legislation to nullify President Trump's tariffs https://t.co/bWttC10UQt https://t.co/r6rHfLiP6i,CNN,11,-0.3818,0.167,0.833,0.0
Thu Mar 08 21:51:50 +0000 2018,"Tesla CEO Elon Musk wants his electric car company to be competitive in China, and he's asking for US President Tru‚Ä¶ https://t.co/xn4FmAZvMp",CNN,12,0.1779,0.0,0.925,0.075
Thu Mar 08 21:50:32 +0000 2018,PlayStation 4's latest update gives parents the ability to restrict how long a child uses the system‚Ä¶ https://t.co/OW3V6neOEb,CNN,13,-0.0772,0.131,0.754,0.116
Thu Mar 08 21:44:08 +0000 2018,"Trump's tariff plan has spooked markets, prompted his chief economist's resignation, rattled major US allies and wi‚Ä¶ https://t.co/3RqTOD1kMP",CNN,14,-0.296,0.115,0.885,0.0
Thu Mar 08 21:39:52 +0000 2018,"RT @CNNnewsroom: ""The city of Parkland, nobody knew where that was...now the world knows where Parkland is: it's on the list of Columbine,‚Ä¶",CNN,15,0.0,0.0,1.0,0.0
Thu Mar 08 21:29:00 +0000 2018,Democrats say a Uranium One whistleblower provided Congress with no evidence of wrongdoing involving Hillary Clinto‚Ä¶ https://t.co/jBXSUJ5AyX,CNN,16,-0.296,0.128,0.872,0.0
Thu Mar 08 21:28:27 +0000 2018,"President Trump spoke with nostalgia at today's tariff announcement, describing the steel industry as he knew it as‚Ä¶ https://t.co/RU6nlbmtwr",CNN,17,0.0,0.0,1.0,0.0
Thu Mar 08 21:25:02 +0000 2018,RT @TheLeadCNN: President Trump is upset with White House press secretary Sarah Sanders over her responses regarding his alleged affair wit‚Ä¶,CNN,18,-0.3818,0.115,0.885,0.0
Thu Mar 08 21:22:09 +0000 2018,"President Trump on his tariff plan: ""American companies have not been treated fairly, and some American companies f‚Ä¶ https://t.co/iSKmDP6QQD",CNN,19,0.0,0.0,1.0,0.0
Thu Mar 08 21:11:53 +0000 2018,President Trump on tariff plan: ‚ÄúThe workers who poured their souls into building this great nation were betrayed.‚Ä¶ https://t.co/BKkZwaE3Qx,CNN,20,0.7073,0.0,0.787,0.213
Thu Mar 08 21:10:31 +0000 2018,RT @CNNMoney: Dow closes up 94 points after Trump unveils steel and aluminum tariffs with some exemptions. U.S. Steel falls 3%.  https://t.‚Ä¶,CNN,21,0.0,0.0,1.0,0.0
Thu Mar 08 21:09:04 +0000 2018,"President Trump on NAFTA: ‚ÄúWe either make a deal or we terminate. And if we do, there won‚Äôt be any tariffs on Canad‚Ä¶ https://t.co/uzvHjesQ6E",CNN,22,0.0,0.0,1.0,0.0
Thu Mar 08 21:03:55 +0000 2018,"President Trump: ""Our factories were left to rot and to rust all over the place. Thriving communities turned into g‚Ä¶ https://t.co/qct0zY4gRu",CNN,23,0.0,0.0,1.0,0.0
Thu Mar 08 20:55:43 +0000 2018,President Trump: ‚ÄúThe American steel aluminum industry has been ravaged by aggressive foreign trade practices. It‚Äôs‚Ä¶ https://t.co/E3yq1tU3bP,CNN,24,-0.1531,0.091,0.909,0.0
Thu Mar 08 20:50:56 +0000 2018,"President Trump: ""Today I'm defending America's national security by placing tariffs on foreign imports of steel an‚Ä¶ https://t.co/XH22ESdPSU",CNN,25,0.34,0.0,0.876,0.124
Thu Mar 08 20:38:12 +0000 2018,President Trump is about to impose new tariffs on steel and aluminum imports. Follow live updates:‚Ä¶ https://t.co/o4VDiUWujN,CNN,26,-0.296,0.121,0.879,0.0
Thu Mar 08 20:25:13 +0000 2018,The Cranberries will be releasing a final album made with Dolores O'Riordan https://t.co/z8rKgNyCmy https://t.co/tPkkmZplLe,CNN,27,0.0,0.0,1.0,0.0
Thu Mar 08 20:20:38 +0000 2018,"Russians released an anti-Clinton video game called ""Hilltendo"" weeks before the 2016 US presidential election. It‚Ä¶ https://t.co/tTFHTqxF42",CNN,28,0.0,0.0,1.0,0.0
Thu Mar 08 20:03:33 +0000 2018,Former Trump campaign chairman Paul Manafort has entered a plea of not guilty to charges of bank fraud and tax crim‚Ä¶ https://t.co/myDFUQIvIw,CNN,29,-0.1665,0.146,0.694,0.16
Thu Mar 08 20:01:36 +0000 2018,Bernie Sanders is spending a lot of time in Trump country. Here's why. | Analysis by CNN's Gregory Krieg and Sam Pe‚Ä¶ https://t.co/GFkPrBfWvm,CNN,30,0.0,0.0,1.0,0.0
Thu Mar 08 19:53:17 +0000 2018,"A salmonella outbreak linked to chicken salad has sickened another 105 people, bringing the total to 170 in seven s‚Ä¶ https://t.co/SWH9Q0tsYr",CNN,31,-0.5423,0.156,0.844,0.0
Thu Mar 08 19:42:07 +0000 2018,"In a trade war over steel, US farmers could be collateral damage https://t.co/tChleqd7qi https://t.co/EotEUo9LN1",CNN,32,-0.7964,0.392,0.608,0.0
Thu Mar 08 19:37:55 +0000 2018,"Russian internet trolls created an anti-Hillary Clinton video game called ""Hilltendo"" and tried to make it go viral‚Ä¶ https://t.co/De3h9kjvKx",CNN,33,0.25,0.0,0.9,0.1
Thu Mar 08 19:31:33 +0000 2018,Bones found on a remote Pacific island almost eight decades ago likely are those of pioneering pilot Amelia Earhart‚Ä¶ https://t.co/Ae3YEwSVSJ,CNN,34,0.0,0.0,1.0,0.0
Thu Mar 08 19:28:27 +0000 2018,"Volkswagen says it will stop using coal to power its main factory in Wolfsburg, Germany https://t.co/yxE1eIG6oG https://t.co/w2sugdXQz8",CNN,35,-0.296,0.121,0.879,0.0
Thu Mar 08 19:20:03 +0000 2018,"In his fight with North Korea, Trump may end up with no allies | @NicRobertsonCNN for @CNNopinion‚Ä¶ https://t.co/MF5muUcnk0",CNN,36,-0.5859,0.242,0.758,0.0
Thu Mar 08 19:10:07 +0000 2018,Trump wants you to think about video games instead of guns | Analysis by @zbyronwolf¬†@zbyronwolf¬†‚Ä¶ https://t.co/5uutuvLV6i,CNN,37,0.0,0.0,1.0,0.0
Thu Mar 08 19:00:13 +0000 2018,9 things you need to believe if you believe the White House on Stormy Daniels | Analysis by @CillizzaCNN‚Ä¶ https://t.co/zwvP0mf89V,CNN,38,0.0,0.0,1.0,0.0
Thu Mar 08 18:50:00 +0000 2018,"Sen. Tammy Duckworth will be the first US senator to give birth while in office, and she's fighting to change longs‚Ä¶ https://t.co/Uljo219oJ6",CNN,39,-0.3612,0.106,0.894,0.0
Thu Mar 08 18:43:15 +0000 2018,@theashleygraham @Caitlyn_Jenner @CarmenYulinCruz @DVF @muzoonrakan1 @UNICEF @bobblanddesign @karunanundy‚Ä¶ https://t.co/pSG5QNVNG6,CNN,40,0.0,0.0,1.0,0.0
Thu Mar 08 18:39:49 +0000 2018,"Russian internet trolls created an anti-Hillary Clinton video game called ""Hilltendo"" and tried to make it go viral‚Ä¶ https://t.co/afpc123s31",CNN,41,0.25,0.0,0.9,0.1
Thu Mar 08 18:32:00 +0000 2018,McDonald's is celebrating #InternationalWomensDay by flipping its famous golden arches https://t.co/biYp1ZduyT https://t.co/H8MMkU7HOL,CNN,42,0.5719,0.0,0.748,0.252
Thu Mar 08 18:23:00 +0000 2018,"When Laxmi was 15, a man she refused to marry threw acid in her face. But she recovered from her injuries and chang‚Ä¶ https://t.co/ExD5GdcO80",CNN,43,-0.296,0.091,0.909,0.0
Thu Mar 08 18:10:10 +0000 2018,A Missouri police officer killed this week in the line of duty met with gunfire only after he was dispatched to the‚Ä¶ https://t.co/HYWoNIjHrz,CNN,44,-0.6705,0.176,0.824,0.0
Thu Mar 08 17:47:25 +0000 2018,@theashleygraham @Caitlyn_Jenner @CarmenYulinCruz @DVF @muzoonrakan1 @UNICEF @bobblanddesign @karunanundy‚Ä¶ https://t.co/37dwU8ZnGP,CNN,45,0.0,0.0,1.0,0.0
Thu Mar 08 17:46:41 +0000 2018,@theashleygraham @Caitlyn_Jenner @CarmenYulinCruz @DVF @muzoonrakan1 @UNICEF @bobblanddesign @karunanundy‚Ä¶ https://t.co/vFaGKx23rg,CNN,46,0.0,0.0,1.0,0.0
Thu Mar 08 17:45:33 +0000 2018,@theashleygraham @Caitlyn_Jenner @CarmenYulinCruz @DVF @muzoonrakan1 @UNICEF @bobblanddesign @karunanundy‚Ä¶ https://t.co/bo53G6XGgJ,CNN,47,0.0,0.0,1.0,0.0
Thu Mar 08 17:44:43 +0000 2018,@theashleygraham @Caitlyn_Jenner @CarmenYulinCruz @DVF @muzoonrakan1 @UNICEF @bobblanddesign @karunanundy‚Ä¶ https://t.co/hlNoEhDOxl,CNN,48,0.0,0.0,1.0,0.0
Thu Mar 08 17:43:58 +0000 2018,@theashleygraham @Caitlyn_Jenner @CarmenYulinCruz @DVF @muzoonrakan1 @UNICEF @bobblanddesign @karunanundy‚Ä¶ https://t.co/p3Ez30VMb7,CNN,49,0.0,0.0,1.0,0.0
Thu Mar 08 17:43:11 +0000 2018,@theashleygraham @Caitlyn_Jenner @CarmenYulinCruz @DVF @muzoonrakan1 @UNICEF @bobblanddesign @karunanundy‚Ä¶ https://t.co/4smfFqlPeG,CNN,50,0.0,0.0,1.0,0.0
Thu Mar 08 17:42:02 +0000 2018,@theashleygraham @Caitlyn_Jenner @CarmenYulinCruz @DVF @muzoonrakan1 @UNICEF @bobblanddesign @karunanundy‚Ä¶ https://t.co/sYFiiE2pot,CNN,51,0.0,0.0,1.0,0.0
Thu Mar 08 17:40:53 +0000 2018,@theashleygraham @Caitlyn_Jenner @CarmenYulinCruz @DVF @muzoonrakan1 @UNICEF @bobblanddesign @karunanundy‚Ä¶ https://t.co/ngx7uBQlVT,CNN,52,0.0,0.0,1.0,0.0
Thu Mar 08 17:39:13 +0000 2018,@theashleygraham @Caitlyn_Jenner @CarmenYulinCruz @DVF @muzoonrakan1 @UNICEF @bobblanddesign @karunanundy‚Ä¶ https://t.co/bFHQopTOk0,CNN,53,0.0,0.0,1.0,0.0
Thu Mar 08 17:38:04 +0000 2018,@theashleygraham @Caitlyn_Jenner @CarmenYulinCruz @DVF @muzoonrakan1 @UNICEF @bobblanddesign @karunanundy‚Ä¶ https://t.co/yvva0lx8mC,CNN,54,0.0,0.0,1.0,0.0
Thu Mar 08 17:36:23 +0000 2018,@theashleygraham @Caitlyn_Jenner @CarmenYulinCruz @DVF @muzoonrakan1 @UNICEF @bobblanddesign @karunanundy‚Ä¶ https://t.co/HNJtpRQzTC,CNN,55,0.0,0.0,1.0,0.0
Thu Mar 08 17:35:29 +0000 2018,@theashleygraham @Caitlyn_Jenner @CarmenYulinCruz @DVF @muzoonrakan1 @UNICEF @bobblanddesign @karunanundy‚Ä¶ https://t.co/YbtMLrEunr,CNN,56,0.0,0.0,1.0,0.0
Thu Mar 08 17:34:23 +0000 2018,@theashleygraham @Caitlyn_Jenner @CarmenYulinCruz @DVF @muzoonrakan1 @UNICEF @bobblanddesign @karunanundy ‚ÄúWe have‚Ä¶ https://t.co/VQIOWE6xvQ,CNN,57,0.0,0.0,1.0,0.0
Thu Mar 08 17:33:30 +0000 2018,@theashleygraham @Caitlyn_Jenner @CarmenYulinCruz @DVF @muzoonrakan1 @UNICEF @bobblanddesign ‚ÄúI would make sure tha‚Ä¶ https://t.co/g0lYhMLHaf,CNN,58,0.3182,0.0,0.839,0.161
Thu Mar 08 17:32:06 +0000 2018,"@theashleygraham @Caitlyn_Jenner @CarmenYulinCruz @DVF @muzoonrakan1 @UNICEF ‚ÄúListen to women,‚Äù says‚Ä¶ https://t.co/4rT0n5bAXU",CNN,59,0.0,0.0,1.0,0.0
Thu Mar 08 17:28:28 +0000 2018,"@theashleygraham @Caitlyn_Jenner @CarmenYulinCruz @DVF To achieve gender equality, ""I want to convince everyone to‚Ä¶ https://t.co/ZvQCrwCizl",CNN,60,0.3182,0.0,0.798,0.202
Thu Mar 08 17:26:08 +0000 2018,"@theashleygraham @Caitlyn_Jenner @CarmenYulinCruz When you do a job application, you should not have to say your se‚Ä¶ https://t.co/OYJEl6gGdt",CNN,61,0.0,0.0,1.0,0.0
Thu Mar 08 17:24:39 +0000 2018,"@theashleygraham @Caitlyn_Jenner ""The one thing I would do to improve gender equality is to ensure that all of our‚Ä¶ https://t.co/H3dJOKwSNc",CNN,62,0.6705,0.0,0.756,0.244
Thu Mar 08 17:23:50 +0000 2018,@theashleygraham ‚ÄúWomen are brought up to kind of be a second-class citizen‚Äù says @Caitlyn_Jenner #IWD2018‚Ä¶ https://t.co/VlyKYFDRZ7,CNN,63,0.0,0.0,1.0,0.0
Thu Mar 08 17:21:46 +0000 2018,".@theashleygraham: ‚ÄúWe need to ensure that women see themselves portrayed in media, fashion, beauty and beyond.‚Äù‚Ä¶ https://t.co/NqM1Yvifbz",CNN,64,0.7506,0.0,0.701,0.299
Thu Mar 08 17:17:13 +0000 2018,"To celebrate #IWD2018, @CNN asked women around the world, ""What single thing would you change to improve gender equ‚Ä¶ https://t.co/aPUTYl3OAf",CNN,65,0.765,0.0,0.732,0.268
Thu Mar 08 17:05:47 +0000 2018,"Trump on outgoing chief economic adviser Gary Cohn: ‚ÄúHe‚Äôs been terrific. He may be a globalist, but I still like hi‚Ä¶ https://t.co/jTAhyf8gU3",CNN,66,0.7096,0.0,0.711,0.289
Thu Mar 08 16:50:01 +0000 2018,"With America facing a massive nursing shortage, some hospitals are offering five-figure signing bonuses, free housi‚Ä¶ https://t.co/qx9N6r3ugj",CNN,67,0.7096,0.091,0.594,0.315
Thu Mar 08 16:35:00 +0000 2018,The US ambassador to Mexico was not invited to a meeting between senior White House adviser Jared Kushner and Mexic‚Ä¶ https://t.co/r063UG1OyV,CNN,68,0.0,0.0,1.0,0.0
Thu Mar 08 16:20:08 +0000 2018,One person has been taken into police custody in connection with a shooting that killed one student and injured ano‚Ä¶ https://t.co/2ZMe9iO27I,CNN,69,-0.802,0.286,0.714,0.0
Thu Mar 08 16:10:11 +0000 2018,The long history of blaming video games for mass violence https://t.co/LHKHJUgqRx https://t.co/kWT3kF1vby,CNN,70,-0.8074,0.422,0.578,0.0
Thu Mar 08 15:59:06 +0000 2018,Meghan Markle has been baptized into the Church of England https://t.co/0HcgXUmkzm https://t.co/qoCSXwu3EZ,CNN,71,0.0,0.0,1.0,0.0
Thu Mar 08 15:42:36 +0000 2018,Why companies are embracing #InternationalWomensDay https://t.co/WuS6CWYUM5 https://t.co/grZlom9kVF,CNN,72,0.0,0.0,1.0,0.0
Thu Mar 08 15:29:32 +0000 2018,NASA spacecraft Juno has collected new data on its mission to Jupiter revealing some of the swirling inner mysterie‚Ä¶ https://t.co/kM6mhbbBrv,CNN,73,0.0,0.0,1.0,0.0
Thu Mar 08 15:05:55 +0000 2018,"""Somebody needs to stand up"" to California on immigration, Attorney General Jeff Sessions says‚Ä¶ https://t.co/IN63gV1NOo",CNN,74,0.0,0.0,1.0,0.0
Thu Mar 08 14:57:50 +0000 2018,"RT @CNNweather: As people recover from back to back nor'easters, some forecast models hint at another storm early next week. 

Keep up-to-d‚Ä¶",CNN,75,0.0,0.0,1.0,0.0
Thu Mar 08 14:51:24 +0000 2018,Hundreds of doctors in Quebec are protesting. They say they make too much. https://t.co/w2GHFWjU4m https://t.co/bN4Ea3Pvds,CNN,76,-0.4215,0.167,0.833,0.0
Thu Mar 08 14:40:11 +0000 2018,"""This is so manipulative."" That's how an anchor at a local TV station owned by Sinclair described the company's lat‚Ä¶ https://t.co/d888lpEz8q",CNN,77,0.0,0.0,1.0,0.0
Thu Mar 08 14:24:59 +0000 2018,McDonald's is celebrating #InternationalWomensDay by flipping its golden arches https://t.co/biYp1ZduyT https://t.co/oUoEjcizNf,CNN,78,0.5719,0.0,0.73,0.27
Thu Mar 08 14:09:43 +0000 2018,The Florida gun bill spurred by the Parkland school massacre is just one signature away from becoming law. Here's w‚Ä¶ https://t.co/A99vriRtoM,CNN,79,-0.34,0.107,0.893,0.0
Thu Mar 08 13:54:03 +0000 2018,President Trump is upset with White House press secretary Sarah Sanders over her responses Wednesday regarding his‚Ä¶ https://t.co/SPSg0Bhy30,CNN,80,-0.3818,0.133,0.867,0.0
Thu Mar 08 13:39:07 +0000 2018,"The cast of ""Modern Family"" voices support for ""common-sense gun laws"" putting support behind the students of Parkl‚Ä¶ https://t.co/irGz3U8pVj",CNN,81,0.4588,0.101,0.672,0.227
Thu Mar 08 13:15:09 +0000 2018,A White House taken by storm(y) | Analysis by @StCollinson https://t.co/LwbPnJtJuX https://t.co/JmvyB9DlGq,CNN,82,0.0,0.0,1.0,0.0
Thu Mar 08 13:07:38 +0000 2018,"Fred Guttenberg, whose daughter died in the Florida school shooting, rips new NRA ad: ""If this was put out by a ter‚Ä¶ https://t.co/mYfIHC8pOw",CNN,83,-0.5574,0.146,0.854,0.0
Thu Mar 08 12:50:05 +0000 2018,"The controversial statue that critics have deemed as ""San Francisco's monument to white supremacy"" is coming off it‚Ä¶ https://t.co/yKIpBEV3ja",CNN,84,-0.4215,0.189,0.755,0.057
Thu Mar 08 12:40:11 +0000 2018,'I never told anyone': 5 women's stories of sexual abuse at the Hajj #AsEquals https://t.co/29od5ZBFRv https://t.co/KvJSZCbKyg,CNN,85,-0.6369,0.231,0.769,0.0
Thu Mar 08 12:32:00 +0000 2018,"Tybre Faw traveled 7 hours to see his hero, Dem. Rep. John Lewis, who was in Selma, Alabama, to commemorate the 196‚Ä¶ https://t.co/IItXisEVsJ",CNN,86,0.5574,0.0,0.854,0.146
Thu Mar 08 12:30:07 +0000 2018,Some Democratic lawmakers fear arming school staff could harm black and Hispanic students https://t.co/5lbWNzwxQU https://t.co/Tr0YskSZBC,CNN,87,-0.7717,0.34,0.66,0.0
Thu Mar 08 12:21:26 +0000 2018,NASA spacecraft Juno has collected new data on its mission to Jupiter revealing some of the swirling inner mysterie‚Ä¶ https://t.co/EIUrtm3rwp,CNN,88,0.0,0.0,1.0,0.0
Thu Mar 08 12:10:11 +0000 2018,"""This is so manipulative."" That's how an anchor at a local TV station owned by Sinclair described the company's lat‚Ä¶ https://t.co/QaYLYApLVi",CNN,89,0.0,0.0,1.0,0.0
Thu Mar 08 12:00:21 +0000 2018,"5 things for Thursday:

- The White House
- Russia investigation
- Florida school shooting
- UK and Russia
- Aung S‚Ä¶ https://t.co/fe9IBVt8YY",CNN,90,0.0,0.0,1.0,0.0
Thu Mar 08 11:55:05 +0000 2018,Former Trump campaign manager Corey Lewandowski is scheduled to be interviewed by the House Intelligence Committee‚Ä¶ https://t.co/Ig19ZKtopE,CNN,91,0.4767,0.0,0.838,0.162
Thu Mar 08 11:48:03 +0000 2018,Why are (some) Democrats signing on to the Republican bank bill? | Analysis by @GregJKrieg https://t.co/bc6G38s4id https://t.co/GXV9znEwuY,CNN,92,0.0,0.0,1.0,0.0
Thu Mar 08 11:43:38 +0000 2018,What will it take for women to live #AsEquals with men? No country has achieved total gender parity yet - #AsEquals‚Ä¶ https://t.co/TCGXrQgcR9,CNN,93,-0.296,0.099,0.901,0.0
Thu Mar 08 11:40:10 +0000 2018,"President Trump says his promised tariffs on steel and aluminum imports -- 25% on steel, 10% on aluminum -- would b‚Ä¶ https://t.co/dwOqrHSA9t",CNN,94,0.3612,0.0,0.894,0.106
Thu Mar 08 11:35:01 +0000 2018,"President Trump asked his former chief of staff Reince Priebus if special counsel investigators had been ""nice"" dur‚Ä¶ https://t.co/YSupdUTrNx",CNN,95,0.4019,0.0,0.87,0.13
Thu Mar 08 11:14:34 +0000 2018,We spoke to nine women who said they found their illegal abortions via Facebook. None believed the procedure was sa‚Ä¶ https://t.co/2Yv14LJ7K3,CNN,96,-0.5574,0.153,0.847,0.0
Thu Mar 08 10:49:52 +0000 2018,Meghan Markle has been baptized into the Church of England https://t.co/MIzXBXNMmA https://t.co/8C42ORsRVq,CNN,97,0.0,0.0,1.0,0.0
Thu Mar 08 10:43:59 +0000 2018,"When Brisa de Angulo reported being raped by a family member at the age of 15, she faced intimidation and blame fro‚Ä¶ https://t.co/mM8iGnHwVy",CNN,98,-0.8689,0.34,0.66,0.0
Thu Mar 08 10:33:11 +0000 2018,"In Malawi, girls as young as 10 are expected to go to ""chinamwali"" -- a camp where they are taught how to sexually‚Ä¶ https://t.co/Ofvb97oTQe",CNN,99,0.0,0.0,1.0,0.0
Thu Mar 08 10:29:00 +0000 2018,The Taliban banned these women from being journalists. Now they run an all-female TV station:‚Ä¶ https://t.co/AAyw5jbWf9,CNN,100,-0.4588,0.167,0.833,0.0
Thu Mar 08 22:38:19 +0000 2018,BREAKING: @POTUS: South Korea to make 'major statement' on North Korea at 7 pm ET https://t.co/EOHLSJstjp,FoxNews,1,0.0,0.0,1.0,0.0
Thu Mar 08 22:35:11 +0000 2018,.@jasoninthehouse: ‚ÄúI think a lot of this comes down to the breakdown of the family. I don‚Äôt think it‚Äôs necessarily‚Ä¶ https://t.co/6hbUl6Z5kA,FoxNews,2,0.0,0.0,1.0,0.0
Thu Mar 08 22:25:00 +0000 2018,.@jasoninthehouse: ‚ÄúWe‚Äôre talking about taking care of ICE officers that are trying to get rid of the criminal elem‚Ä¶ https://t.co/KG91k9Dvw5,FoxNews,3,-0.0516,0.138,0.732,0.13
Thu Mar 08 22:18:33 +0000 2018,.@kfc replaces Colonel Sanders with Claudia Sanders for #InternationalWomensDay https://t.co/SlDCSu0atD,FoxNews,4,0.0,0.0,1.0,0.0
Thu Mar 08 22:15:50 +0000 2018,PA Steelworker Thanks @realDonaldTrump: 'These Tariffs Definitely Have an Impact' https://t.co/ZbGaTiokfU,FoxNews,5,0.6808,0.0,0.616,0.384
Thu Mar 08 22:07:45 +0000 2018,SMILE! These two penguins in Antarctica aren't too cool to pose for selfies. https://t.co/ZdNfbmMKBK,FoxNews,6,0.3742,0.112,0.686,0.202
Thu Mar 08 22:02:00 +0000 2018,".@SecretaryRoss on @realDonaldTrump keeping his campaign promises: ""Anybody who doubts the president's sense of con‚Ä¶ https://t.co/zm2zUBIDSC",FoxNews,7,0.1027,0.117,0.745,0.138
Thu Mar 08 22:00:01 +0000 2018,"Lt. Gen. Jerry Boykin on North Korea: ""I do not believe that Kim is gonna give up his nuclear weapons. He and his f‚Ä¶ https://t.co/ebV97szyhN",FoxNews,8,-0.4404,0.108,0.892,0.0
Thu Mar 08 21:55:06 +0000 2018,"RT @FOXTV: An explosive television event, ‚ÄúO.J. Simpson: The Lost Confession?‚Äù airs Sunday, March 11 at 8/7c on #Fox. https://t.co/wxDffDZU‚Ä¶",FoxNews,9,-0.3182,0.108,0.892,0.0
Thu Mar 08 21:51:45 +0000 2018,".@SecretaryRoss on steel, aluminum tariffs: ""It's just the start of unleashing American industry from the unfair tr‚Ä¶ https://t.co/E9CZbuyEuT",FoxNews,10,-0.4767,0.154,0.846,0.0
Thu Mar 08 21:48:39 +0000 2018,"Moments ago, President @realDonaldTrump signed an order that imposed tariffs on steel and aluminum imports from all‚Ä¶ https://t.co/K7suxdQG21",FoxNews,11,-0.0772,0.071,0.929,0.0
Thu Mar 08 21:40:00 +0000 2018,"""I love my son more than anything in this world...but at the end of the day, I'm responsible for his choices in lif‚Ä¶ https://t.co/98ArYafPFM",FoxNews,12,0.7579,0.0,0.772,0.228
Thu Mar 08 21:35:00 +0000 2018,Man arrested for calling 911 four times to complain about clam chowder https://t.co/SdzeLwYAXO,FoxNews,13,-0.6808,0.337,0.663,0.0
Thu Mar 08 21:30:00 +0000 2018,OPINION: Our obsession with high scores is killing us -- Not everything that can be counted counts https://t.co/gn2TYS8MzX,FoxNews,14,-0.7783,0.298,0.702,0.0
Thu Mar 08 21:29:29 +0000 2018,"Trump signs order imposing tariffs on all imports of steel, aluminum; exempts Mexico, Canada for now - via‚Ä¶ https://t.co/emcNvii3K4",FoxNews,15,-0.1027,0.076,0.924,0.0
Thu Mar 08 21:25:00 +0000 2018,Wild @goodyear tires grow and breathe https://t.co/eCRV1X6rH8,FoxNews,16,0.0,0.0,1.0,0.0
Thu Mar 08 21:20:00 +0000 2018,North Korea and Kim Jong Un: Meet the known key players in the regime https://t.co/3DgW5EDL13,FoxNews,17,0.0,0.0,1.0,0.0
Thu Mar 08 21:17:13 +0000 2018,BREAKING: @POTUS signs order that imposes tariffs on steel and aluminum imports from all foreign countries.‚Ä¶ https://t.co/FH6PUQCypW,FoxNews,18,-0.1027,0.08,0.92,0.0
Thu Mar 08 21:17:00 +0000 2018,The @Volkswagen Beetle will soon be squashed https://t.co/FSh8BCb7XN,FoxNews,19,0.0,0.0,1.0,0.0
Thu Mar 08 21:12:20 +0000 2018,Stocks gain as trade war fears ease. @TeamCavuto https://t.co/3GtCbGLWTZ,FoxNews,20,-0.2023,0.381,0.284,0.335
Thu Mar 08 21:12:00 +0000 2018,.@realDonaldTrump and the Russia investigation: What to know https://t.co/RfuNVtQP0p,FoxNews,21,0.0,0.0,1.0,0.0
Thu Mar 08 21:07:58 +0000 2018,.@SebGorka Targets Tech Companies: How About Censoring Jihadis Instead of Conservatives? https://t.co/sh78a4Y5FV,FoxNews,22,0.0,0.0,1.0,0.0
Thu Mar 08 21:00:24 +0000 2018,".@POTUS: ""American companies have not been treated fairly, and some American companies frankly have taken advantage‚Ä¶ https://t.co/vz0yTorQU9",FoxNews,23,0.0,0.0,1.0,0.0
Thu Mar 08 20:57:38 +0000 2018,".@POTUS: ""I have a feeling we're going to make a deal on NAFTA...and if we do, there won't be any tariffs on Canada‚Ä¶ https://t.co/ls96n5KbzA",FoxNews,24,0.128,0.0,0.933,0.067
Thu Mar 08 20:54:57 +0000 2018,".@POTUS: ""The workers who poured their souls into building this great nation were betrayed. But that betrayal is no‚Ä¶ https://t.co/lismfax3bN",FoxNews,25,-0.4451,0.263,0.573,0.164
Thu Mar 08 20:52:25 +0000 2018,".@POTUS: ""The actions that were taken today were not a matter of choice, they're a matter of necessity for our secu‚Ä¶ https://t.co/xGb5ltgDhl",FoxNews,26,-0.0382,0.107,0.893,0.0
Thu Mar 08 20:50:22 +0000 2018,".@POTUS: ""The American steel and aluminum industry has been ravaged by aggressive foreign trade practices. It's rea‚Ä¶ https://t.co/pmxIb5H4Gf",FoxNews,27,-0.1531,0.086,0.914,0.0
Thu Mar 08 20:50:00 +0000 2018,President @realDonaldTrump celebrated #InternationalWomensDay by touting positive economic news for the women in Am‚Ä¶ https://t.co/jPjs5rJ8Tq,FoxNews,28,0.765,0.081,0.571,0.348
Thu Mar 08 20:48:53 +0000 2018,".@POTUS: ""There's no tax if the product is made in the USA. You don't want to pay tax? Bring your plant to the USA."" https://t.co/VOBu0DA4vE",FoxNews,29,-0.2792,0.128,0.823,0.049
Thu Mar 08 20:47:27 +0000 2018,".@POTUS: ""Today I'm defending America's national security by placing tariffs on foreign imports of steel and alumin‚Ä¶ https://t.co/SzIRDYkqjO",FoxNews,30,0.34,0.0,0.876,0.124
Thu Mar 08 20:45:44 +0000 2018,".@POTUS: ""We have to protect and build our steel and aluminum industries, while at the same time showing great flex‚Ä¶ https://t.co/JQysN1NTci",FoxNews,31,0.7717,0.0,0.739,0.261
Thu Mar 08 20:44:06 +0000 2018,".@POTUS: ""Steel is steel. If you don't have steel, you don't have a country."" https://t.co/xtX2zZPWx9",FoxNews,32,0.0,0.0,1.0,0.0
Thu Mar 08 20:43:48 +0000 2018,".@POTUS: ""A strong steel and aluminum industry are vital to our national security."" https://t.co/PhoK2i3TxD",FoxNews,33,0.6705,0.0,0.686,0.314
Thu Mar 08 20:42:28 +0000 2018,".@POTUS: ""I am honored to be here with our incredible steel and aluminum workers, and you are truly the backbone of‚Ä¶ https://t.co/2uaWFN00BO",FoxNews,34,0.7717,0.0,0.749,0.251
Thu Mar 08 20:39:41 +0000 2018,".@SpeakerRyan on GA lawmakers nixing tax break for Delta amid NRA position: ""I do think in this entire debate on bo‚Ä¶ https://t.co/khJfLBwuoF",FoxNews,35,0.0,0.0,1.0,0.0
Thu Mar 08 20:39:04 +0000 2018,"RT @FoxBusiness: Trump rolling out big trade tariffs, sparing Mexico, Canada https://t.co/sgslDxwmLg",FoxNews,36,0.0,0.0,1.0,0.0
Thu Mar 08 20:37:58 +0000 2018,WATCH LIVE: @POTUS signs an order to impose tariffs on steel and aluminum imports. https://t.co/SCtUVTYNxk,FoxNews,37,-0.296,0.136,0.864,0.0
Thu Mar 08 20:37:02 +0000 2018,RT @FoxBusiness: #BreakingNews: @POTUS to impose tariffs on steel and aluminum but is exempting Mexico and Canada for now. @BlakeBurman wit‚Ä¶,FoxNews,38,-0.1531,0.074,0.926,0.0
Thu Mar 08 20:33:33 +0000 2018,".@DLoesch on @GovMalloyOffice likening @NRA to terrorists: ""Maybe making my kids get all their homework done makes‚Ä¶ https://t.co/K1DC5eMqBt",FoxNews,39,-0.6249,0.194,0.806,0.0
Thu Mar 08 20:31:15 +0000 2018,Washington state school district arms teachers: 'It protects the kids' https://t.co/VmxZvLUEiT,FoxNews,40,0.3182,0.0,0.813,0.187
Thu Mar 08 20:26:24 +0000 2018,SOON: @POTUS to sign off on steel and aluminum tariffs. @ShepNewsTeam https://t.co/AGd6Q5AOY6 https://t.co/WAE2wcQHpR,FoxNews,41,0.0,0.0,1.0,0.0
Thu Mar 08 20:19:59 +0000 2018,"'Sopranos' prequel movie in the works from creator David Chase, report says https://t.co/xbhmriXtQZ",FoxNews,42,0.0,0.0,1.0,0.0
Thu Mar 08 20:17:11 +0000 2018,Former Trump campaign chairman Paul Manafort pleads not guilty to charges @ShepNewsTeam https://t.co/NMt6pxu9DZ https://t.co/g7WArsJfJd,FoxNews,43,0.4847,0.0,0.743,0.257
Thu Mar 08 20:16:45 +0000 2018,"Trump imposing tariffs on all steel, aluminum imports; exempts Mexico and Canada for now - via @brookefoxnews‚Ä¶ https://t.co/Z6p20jrdKw",FoxNews,44,-0.1027,0.08,0.92,0.0
Thu Mar 08 20:16:17 +0000 2018,.@ICEgov Director Calls Out 'Political Game' by CA Dems: 'They Don't Want to Know the Facts' https://t.co/ZOf3stHY4H https://t.co/zvssKjsKHO,FoxNews,45,-0.0572,0.067,0.933,0.0
Thu Mar 08 20:10:51 +0000 2018,Jon Favreau to write 'Star-Wars' live-action TV series https://t.co/1UJ8UKVSL7,FoxNews,46,0.0,0.0,1.0,0.0
Thu Mar 08 20:09:47 +0000 2018,RT @FoxBusiness: U.S. steel imports: https://t.co/e3QBlQLoTB,FoxNews,47,0.0,0.0,1.0,0.0
Thu Mar 08 20:07:29 +0000 2018,New Jersey driver killed after driving around barricade onto live wires https://t.co/uogp6Hkmhi,FoxNews,48,-0.6705,0.29,0.71,0.0
Thu Mar 08 20:01:39 +0000 2018,"At a Cabinet meeting today, President @realDonaldTrump slammed Oakland Mayor @LibbySchaaf. https://t.co/zpLyEfEHFy https://t.co/Ifb7vbWX2G",FoxNews,49,0.0,0.0,1.0,0.0
Thu Mar 08 19:58:47 +0000 2018,Virginia man to give away engagement ring to 'lucky couple' https://t.co/axK3nSYz8x,FoxNews,50,0.7003,0.0,0.608,0.392
Thu Mar 08 19:55:21 +0000 2018,".@LeonHWolf on @POTUS' tariffs: ""Laying an across the board tariff is a bad idea...there are way, way more people w‚Ä¶ https://t.co/F2M7QyCqKs",FoxNews,51,-0.5423,0.156,0.844,0.0
Thu Mar 08 19:49:40 +0000 2018,"Earlier today, @FLOTUS tweeted her celebration of #InternationalWomensDay. https://t.co/Y6vcQ2jGZ4 https://t.co/uDBIgK6Qz3",FoxNews,52,0.0,0.0,1.0,0.0
Thu Mar 08 19:47:11 +0000 2018,WATCH: @realDonaldTrump's 'Madman Approach' to North Korea Gets Credit From Mainstream Media https://t.co/QFQgiUWa0L,FoxNews,53,0.3818,0.0,0.822,0.178
Thu Mar 08 19:42:03 +0000 2018,"Mexican presidential hopeful campaigns in California, slams @realDonaldTrump and backs illegal immigrants https://t.co/BKYJ2Z5dzv",FoxNews,54,-0.128,0.265,0.552,0.182
Thu Mar 08 19:38:16 +0000 2018,U.S. Congress job performance. https://t.co/gbyk9flzsW,FoxNews,55,0.0,0.0,1.0,0.0
Thu Mar 08 19:38:12 +0000 2018,.@Stanford rejects College Republicans' proposed logo because it shows American flag https://t.co/e82rZbjZhE,FoxNews,56,-0.4939,0.225,0.775,0.0
Thu Mar 08 19:34:11 +0000 2018,Professor on leave after telling Asian-American couple to 'go back to your home country' https://t.co/dHHwHH5lUl,FoxNews,57,-0.0516,0.079,0.921,0.0
Thu Mar 08 19:31:08 +0000 2018,.@KristinBTate: Women of Trump Admin Would Be 'Worshipped' by Media If They Were Liberals #InternationalWomensDay https://t.co/Bg9m6Yraq4,FoxNews,58,0.0,0.0,1.0,0.0
Thu Mar 08 19:19:58 +0000 2018,"Moments ago, California Sen. @KamalaHarris slammed President @realDonaldTrump and AG Jeff Sessions over immigration‚Ä¶ https://t.co/hw6OSsqfg5",FoxNews,59,0.0,0.0,1.0,0.0
Thu Mar 08 19:15:39 +0000 2018,".@SpeakerRyan visits The Home Depot's Store Support Center in Atlanta, one of the companies that rewarded its hourl‚Ä¶ https://t.co/m2NUslwR1M",FoxNews,60,0.7096,0.0,0.742,0.258
Thu Mar 08 19:05:00 +0000 2018,".@LaraLeaTrump: ""@JoeBiden has been living off #TheSwamp for five decades."" #OutnumberedOT https://t.co/FVVQ1QiT7o",FoxNews,61,0.0,0.0,1.0,0.0
Thu Mar 08 19:00:00 +0000 2018,"Sgt. @Sean_C_Larkin: ‚ÄúI've been a police officer 21 years...the respect for police officers has changed, and it's s‚Ä¶ https://t.co/kOrv3R4R3l",FoxNews,62,0.4767,0.0,0.846,0.154
Thu Mar 08 18:57:46 +0000 2018,Violent brawl delays Southwest Airlines flight after overhead bin fight https://t.co/Ak0o8YW0Uy,FoxNews,63,-0.7579,0.419,0.581,0.0
Thu Mar 08 18:50:27 +0000 2018,".@LaraLeaTrump: ""The reality is women a lot of times I don't think are voicing their support for @POTUS because som‚Ä¶ https://t.co/xpgBd83nux",FoxNews,64,0.4019,0.0,0.87,0.13
Thu Mar 08 18:47:12 +0000 2018,".@LaraLeaTrump: ""@JoeBiden has been living off #TheSwamp for five decades."" #OutnumberedOT https://t.co/xhOZZtZEn6",FoxNews,65,0.0,0.0,1.0,0.0
Thu Mar 08 18:44:01 +0000 2018,".@HomeDepot pledges $50 million to train 20,000 skilled laborers, military veterans wanted https://t.co/7W5vGe6Ust",FoxNews,66,0.0,0.0,1.0,0.0
Thu Mar 08 18:39:48 +0000 2018,Nimble dad delivers daughter in front seat of car and cuts umbilical cord with shoelace https://t.co/SCbku4I3Zq,FoxNews,67,-0.296,0.128,0.872,0.0
Thu Mar 08 18:32:14 +0000 2018,JUST IN: UK officials say 21 people now being treated in ex-Russian spy poisoning https://t.co/jFV1ldJzGf,FoxNews,68,-0.5859,0.213,0.787,0.0
Thu Mar 08 18:30:00 +0000 2018,"At a Cabinet meeting today, President @realDonaldTrump slammed Oakland Mayor @LibbySchaaf. https://t.co/zpLyEfn6gY https://t.co/H7vWy5vYLk",FoxNews,69,0.0,0.0,1.0,0.0
Thu Mar 08 18:24:43 +0000 2018,"Trump's parting words to adviser Gary Cohn: 'He may be a globalist, but I still like him' - via @brookefoxnews 
https://t.co/23WrcB0yS4",FoxNews,70,0.5023,0.0,0.84,0.16
Thu Mar 08 18:23:39 +0000 2018,"'Where Is Their Disavowal?': @kimguilfoyle Rips Group of House Dems for @LouisFarrakhan Connections
https://t.co/rnIybLHgoA",FoxNews,71,0.0,0.0,1.0,0.0
Thu Mar 08 18:15:20 +0000 2018,".@seanspicer: ""This has nothing to do with [@PaulManafort's] actions stemming from the Trump campaign.""‚Ä¶ https://t.co/d5PTwwAnjU",FoxNews,72,0.0,0.0,1.0,0.0
Thu Mar 08 18:15:00 +0000 2018,".@NASA releases 'unearthly' pictures of Jupiter, showing 9 massive cyclones with Category 5 hurricane wind speeds‚Ä¶ https://t.co/4zMbJ152uW",FoxNews,73,0.0,0.0,1.0,0.0
Thu Mar 08 18:11:40 +0000 2018,Army sets sights on new sniper rifle https://t.co/8FOgpH1cAw,FoxNews,74,0.0,0.0,1.0,0.0
Thu Mar 08 18:04:01 +0000 2018,Disney boss tells shareholders that ‚ÄòThe View‚Äô star Joy Behar apologized for anti-Christian remarks https://t.co/Q5Om2ALO57,FoxNews,75,0.7269,0.0,0.681,0.319
Thu Mar 08 18:02:11 +0000 2018,#InternationalWomensDay sparks reactions from big name celebrities https://t.co/LO9Xw9wcXO,FoxNews,76,0.0,0.0,1.0,0.0
Thu Mar 08 17:55:00 +0000 2018,.@washingtonpost calls out @DNC Chair @TomPerez over false claim that DNC hit fundraising records. https://t.co/eLjVTDLYUz,FoxNews,77,0.0,0.0,1.0,0.0
Thu Mar 08 17:50:00 +0000 2018,".@POTUS: ""This is Gary Cohn's last meeting... He may be a globalist but I still like him."" https://t.co/Uh5SVUHsu8",FoxNews,78,0.5023,0.0,0.822,0.178
Thu Mar 08 17:45:00 +0000 2018,MOMENTS AGO: Former @POTUS campaign chair @PaulManafort appears at U.S. district court for an arraignment hearing. https://t.co/j9y9vUBIr4,FoxNews,79,0.0,0.0,1.0,0.0
Thu Mar 08 17:40:00 +0000 2018,".@POTUS: ""We're going to protect the American worker."" https://t.co/zLnXKFCO4t",FoxNews,80,0.3818,0.0,0.755,0.245
Thu Mar 08 17:32:17 +0000 2018,"Ex-@FoodNetwork star says @POTUS scares immigrants, shrinking the workforce - via @FoxBusiness https://t.co/9X36Vq3xpe",FoxNews,81,-0.34,0.179,0.821,0.0
Thu Mar 08 17:24:43 +0000 2018,Dreamers to Democrats: We're tired of your lies https://t.co/0gdvZlQpio,FoxNews,82,-0.6908,0.449,0.551,0.0
Thu Mar 08 17:12:17 +0000 2018,"Moments ago, President @realDonaldTrump celebrated #InternationalWomensDay by touting positive economic news for th‚Ä¶ https://t.co/zn4nRtFZlZ",FoxNews,83,0.765,0.085,0.55,0.365
Thu Mar 08 17:03:15 +0000 2018,".@POTUS: ""@NASA's making tremendous strides and we're using a lot of private money."" https://t.co/Qq2xeLAcXI",FoxNews,84,0.0,0.0,1.0,0.0
Thu Mar 08 17:01:48 +0000 2018,".@POTUS: ""This is Gary Cohn's last meeting... He may be a globalist but I still like him."" https://t.co/AZO4dYLacX",FoxNews,85,0.5023,0.0,0.822,0.178
Thu Mar 08 17:00:15 +0000 2018,".@POTUS: ""What the mayor of Oakland did the other day was a disgrace."" https://t.co/d40THxgiYl",FoxNews,86,0.0,0.0,1.0,0.0
Thu Mar 08 16:59:56 +0000 2018,".@POTUS: ""You want the money, you can't have sanctuary cities."" https://t.co/laEJX04LNc",FoxNews,87,0.0772,0.0,0.885,0.115
Thu Mar 08 16:59:33 +0000 2018,"RT @FoxBusiness: .@POTUS: ""Bump stocks"" are going to be gone. https://t.co/4sW7sepiYO",FoxNews,88,0.0,0.0,1.0,0.0
Thu Mar 08 16:58:28 +0000 2018,".@POTUS: ""We're working to harden our schools and to make them less vulnerable to attack."" https://t.co/hP8NEsqmYf",FoxNews,89,-0.1548,0.097,0.903,0.0
Thu Mar 08 16:57:03 +0000 2018,".@POTUS: ""The unemployment rate for women in our workforce is at an 18-year low."" #InternationalWomensDay https://t.co/nMQQi2MQ05",FoxNews,90,-0.4404,0.162,0.838,0.0
Thu Mar 08 16:56:28 +0000 2018,".@POTUS: ""Today is #InternationalWomensDay and we're proud in all of the measures we've taken economically to empow‚Ä¶ https://t.co/JOW2fXCQmH",FoxNews,91,0.4767,0.0,0.846,0.154
Thu Mar 08 16:55:52 +0000 2018,".@POTUS: ""We're going to protect the American worker."" https://t.co/D0sJdWnsW4",FoxNews,92,0.3818,0.0,0.755,0.245
Thu Mar 08 16:55:01 +0000 2018,".@POTUS: ""We've created almost 3 million new jobs since the election."" https://t.co/A3LhA89pXm",FoxNews,93,0.25,0.0,0.833,0.167
Thu Mar 08 16:55:00 +0000 2018,"Chicago bus crash caught in crazy surveillance video, 6 injured https://t.co/ARxzY5LMul",FoxNews,94,-0.7783,0.527,0.473,0.0
Thu Mar 08 16:54:36 +0000 2018,".@POTUS: ""Our very massive tax cuts are continuing to show tremendous results. 90% of American workers are already‚Ä¶ https://t.co/A4vho31zx8",FoxNews,95,-0.3535,0.12,0.88,0.0
Thu Mar 08 16:49:22 +0000 2018,New York Times issues embarrassing correction after botching story attacking Trump‚Äôs tax plan https://t.co/1EqiEwoPsR,FoxNews,96,-0.6808,0.318,0.682,0.0
Thu Mar 08 16:39:59 +0000 2018,.@Oprah's ultra-PC #WrinkleinTime stung with bad reviews as ‚Äòcringeworthy‚Äô $100 million dollar @Disney movie could‚Ä¶ https://t.co/gad9Z1bbgI,FoxNews,97,-0.5423,0.189,0.811,0.0
Thu Mar 08 16:34:28 +0000 2018,"Israeli Prime Minister @Netanyahu attends the opening of a special exhibit at the @UN celebrating 3,000 years of Je‚Ä¶ https://t.co/0knlzJjJHX",FoxNews,98,0.7506,0.0,0.726,0.274
Thu Mar 08 16:33:33 +0000 2018,"53-year-old man allegedly stabs deputy, hurts another in California https://t.co/YJlcB4Z4w3 #FoxNewsUS",FoxNews,99,-0.7184,0.4,0.6,0.0
Thu Mar 08 16:28:51 +0000 2018,Army sets sights on new sniper rifle https://t.co/8FOgpH1cAw,FoxNews,100,0.0,0.0,1.0,0.0
Thu Mar 08 22:32:06 +0000 2018,RT @dougmillsnyt: .@realDonaldTrump hands out pens to steel workers after signing an order imposing stiff and sweeping new tariffs on impor‚Ä¶,nytimes,1,-0.1027,0.065,0.935,0.0
Thu Mar 08 22:25:02 +0000 2018,Here‚Äôs Cardi B‚Äôs ‚ÄúBodak Yellow‚Äù and your 3 minutes 44 seconds of frankness in a year of feminist pandering https://t.co/OFTxde8e4U,nytimes,2,0.0,0.0,1.0,0.0
Thu Mar 08 22:05:05 +0000 2018,"‚ÄúI am a pawn caught between the federal and state governments, like a child between 2 fighting parents. Each is thr‚Ä¶ https://t.co/iJYsW8BVXs",nytimes,3,0.0,0.114,0.773,0.114
Thu Mar 08 21:55:07 +0000 2018,"‚ÄúIt‚Äôs more than just racist,‚Äù one activist said. ‚ÄúIt celebrates human subjugation.‚Äù https://t.co/eHZNoiKExV",nytimes,4,0.5719,0.0,0.764,0.236
Thu Mar 08 21:45:08 +0000 2018,Unsubscribing from IRL junk mail is almost as easy as unsubscribing from email spam https://t.co/x9AHYuxw63,nytimes,5,0.0314,0.138,0.717,0.145
Thu Mar 08 21:35:08 +0000 2018,One NYT reader's reaction to a group of U.S. allies signing a broad trade deal that was originally conceived by the‚Ä¶ https://t.co/vuaOELJ0Nw,nytimes,6,0.0,0.0,1.0,0.0
Thu Mar 08 21:30:26 +0000 2018,"RT @DanBilefsky: Here is how my Quebec road trip is shaping up as Canadians share tips, infused with a love of la Belle province -  https:/‚Ä¶",nytimes,7,0.7506,0.0,0.775,0.225
Thu Mar 08 21:25:07 +0000 2018,"With no collective bargaining rights, no contract and no legal right to strike, West Virginia teachers managed to m‚Ä¶ https://t.co/ZGt0V3TPy9",nytimes,8,-0.6808,0.329,0.61,0.061
Thu Mar 08 21:15:13 +0000 2018,"RT @rickgladstone: Some women, impatient over the fight for equality and glacial pace of change, found large and small ways to protest ‚Äî wi‚Ä¶",nytimes,9,-0.7003,0.254,0.746,0.0
Thu Mar 08 21:05:03 +0000 2018,Deceptively simple to make and the payoff is just sublime https://t.co/q3LkEi3CGq,nytimes,10,0.0,0.0,1.0,0.0
Thu Mar 08 21:02:29 +0000 2018,"Breaking News: President Trump signed orders authorizing tariffs on steel and aluminum, sparing Canada and Mexico a‚Ä¶ https://t.co/caCAWB3EJc",nytimes,11,0.0,0.0,1.0,0.0
Thu Mar 08 20:55:04 +0000 2018,"RT @EricNagourney: BREAKING. Charlotte Bront√´, woman who gave the world ‚ÄòJane Eyre,‚Äô has died. In, um, 1855. The NYT's @susandominus and it‚Ä¶",nytimes,12,-0.5574,0.146,0.854,0.0
Thu Mar 08 20:45:14 +0000 2018,"In Opinion

Op-Ed contributors John McCain and Angelina Jolie write, ""Around the world, there is profound concern t‚Ä¶ https://t.co/INrpy9G6vp",nytimes,13,0.0,0.0,1.0,0.0
Thu Mar 08 20:44:41 +0000 2018,RT @amyfiscus: Here are the Facebook messages that a low-level Trump campaign aide in Florida unwittingly sent to Russian trolls https://t.‚Ä¶,nytimes,14,0.0,0.0,1.0,0.0
Thu Mar 08 20:35:09 +0000 2018,"A revamped TPP has been signed by Canada, Japan and 9 other nations. The U.S. had backed out of the sweeping trade‚Ä¶ https://t.co/dlo4ZiiHTA",nytimes,15,0.0258,0.0,0.948,0.052
Thu Mar 08 20:25:09 +0000 2018,From everyone cares and everything matters to no one cares and nothing matters. Here are 25 songs that tell us wher‚Ä¶ https://t.co/WrWO20bfRl,nytimes,16,0.6124,0.08,0.62,0.299
Thu Mar 08 20:15:14 +0000 2018,"RT @peterbakernyt: As aides head for the doors in record numbers, Trump increasingly relies on his own judgment, in effect operating a pres‚Ä¶",nytimes,17,0.0,0.0,1.0,0.0
Thu Mar 08 20:05:07 +0000 2018,"‚ÄúIt‚Äôs sort of disheartening at first to realize how much we humans are responsible,"" one MIT researcher said of fal‚Ä¶ https://t.co/Is8MHKlM3C",nytimes,18,-0.4754,0.134,0.866,0.0
Thu Mar 08 20:02:56 +0000 2018,"In this commercial, see how The New York Times shines a light on women‚Äôs rights around the world‚Ä¶ https://t.co/IYXFimC3RY",nytimes,19,0.0,0.0,1.0,0.0
Thu Mar 08 19:55:06 +0000 2018,"The sickle cell mutation arose 7,300 years ago in just one person in West Africa, scientists say. Its purpose: a sh‚Ä¶ https://t.co/uvwLqD4yiI",nytimes,20,0.0,0.0,1.0,0.0
Thu Mar 08 19:45:06 +0000 2018,"Despite ominous rumblings, a trade war is not inevitable. Here's why. https://t.co/VTWS84K9GR",nytimes,21,-0.743,0.412,0.588,0.0
Thu Mar 08 19:35:03 +0000 2018,RT @TomJolly: A unique @nytimes special section coming Sunday devoted to  remarkable women who were overlooked in our obituaries - until no‚Ä¶,nytimes,22,0.836,0.042,0.613,0.345
Thu Mar 08 19:25:06 +0000 2018,"Michael B. Jordan says his company will adopt inclusion riders, the diversity effort championed by Frances McDorman‚Ä¶ https://t.co/TWUvNJcIqX",nytimes,23,0.4404,0.0,0.804,0.196
Thu Mar 08 19:15:11 +0000 2018,RT @nytvideo: Today is International Women's Day. These are our best videos about women around the world: https://t.co/qcOdXNPcrh,nytimes,24,0.6369,0.0,0.802,0.198
Thu Mar 08 19:05:51 +0000 2018,"Here‚Äôs how @bxchen rated the Galaxy S9‚Äôs new features, using a series of AR Emoji https://t.co/UtoqDZpYSt https://t.co/Td3HZnYFsh",nytimes,25,0.0,0.0,1.0,0.0
Thu Mar 08 18:55:07 +0000 2018,"Peter Thiel, Silicon Valley‚Äôs iconoclast, argues that the anger being turned on Facebook is less about Russia and m‚Ä¶ https://t.co/M001mevhc5",nytimes,26,-0.743,0.259,0.741,0.0
Thu Mar 08 18:45:07 +0000 2018,RT @MaggieAstor: The Florida legislature passed its first gun control bill in years. Here's what's in it. https://t.co/NA0srjqxYA,nytimes,27,-0.34,0.124,0.876,0.0
Thu Mar 08 18:35:08 +0000 2018,"Adam Rippon: ""I kind of have a feeling that I‚Äôve used the Olympics to get myself to meet the world"" https://t.co/jycpwaju5R",nytimes,28,0.128,0.0,0.927,0.073
Thu Mar 08 18:25:03 +0000 2018,Cigna struck a big deal for Express Scripts. Here's what it reveals about health care. https://t.co/fm175MQ0TQ,nytimes,29,0.296,0.11,0.714,0.176
Thu Mar 08 18:15:07 +0000 2018,"RT @nytopinion: The next Standing Rock may be in Oregon, where the Klamath Tribes have joined with other Native American tribes to oppose a‚Ä¶",nytimes,30,0.0,0.0,1.0,0.0
Thu Mar 08 18:05:03 +0000 2018,"President Trump said he might spare close allies such as Canada, Mexico and Australia from the stiff new tariffs he‚Ä¶ https://t.co/J4W0zK6fau",nytimes,31,0.0,0.0,1.0,0.0
Thu Mar 08 17:54:03 +0000 2018,RT @ckoettl: 1/8 Here‚Äôs how we used satellite images &amp; geographic data to find burned villages in the Democratic Republic of Congo. We comb‚Ä¶,nytimes,32,0.0,0.0,1.0,0.0
Thu Mar 08 17:45:08 +0000 2018,President Trump said violent video games and movies may play a role in school shootings ‚Äî a claim that has been rej‚Ä¶ https://t.co/Oic9z5FW93,nytimes,33,-0.3612,0.16,0.741,0.099
Thu Mar 08 17:35:07 +0000 2018,Clocks spring forward this weekend. Florida never wants them to fall back. https://t.co/tWqLL2Qooe,nytimes,34,0.0,0.0,1.0,0.0
Thu Mar 08 17:27:00 +0000 2018,"Henrietta Lacks 1920-1951

Cancer cells were taken from her body without permission. They led to a medical revoluti‚Ä¶ https://t.co/ahGsObOCRA",nytimes,35,-0.6597,0.206,0.794,0.0
Thu Mar 08 17:23:00 +0000 2018,"Qiu Jin 1875-1907

With her passion for wine and bomb making, Qiu Jin was unlike most women born in late 19th-centu‚Ä¶ https://t.co/BkarOc1r1g",nytimes,36,-0.0516,0.122,0.763,0.115
Thu Mar 08 17:19:00 +0000 2018,"Sylvia Plath 1932-1963

‚ÄúOut of the ash
I rise with my red hair
And I eat men like air.‚Äù https://t.co/2BZvaJLlKW",nytimes,37,0.3612,0.0,0.872,0.128
Thu Mar 08 17:15:01 +0000 2018,"We are committed to doing better. We‚Äôll be adding to this collection each week, as Overlooked becomes a regular fea‚Ä¶ https://t.co/iRt1DJFcm4",nytimes,38,0.5994,0.048,0.736,0.216
Thu Mar 08 17:12:35 +0000 2018,"Historically, distant conflicts have been difficult to analyze. But new technologies allow us to investigate them i‚Ä¶ https://t.co/KQLgXtpJmj",nytimes,39,-0.4939,0.232,0.682,0.086
Thu Mar 08 17:05:08 +0000 2018,"We used NASA data, satellite imagery and video forensics to investigate a recent flare-up of violence in the Democr‚Ä¶ https://t.co/kb4GS4GERK",nytimes,40,-0.6249,0.186,0.814,0.0
Thu Mar 08 16:55:10 +0000 2018,"If you‚Äôre worried about the stock market, find someone to give you a hug. Let us explain. https://t.co/4fY0CMPQbY",nytimes,41,0.2263,0.108,0.739,0.153
Thu Mar 08 16:45:17 +0000 2018,RT @SarahMaslinNir: Yeah the subways are bad. Have you tried riding the bus?  My story on what‚Äôs gone wrong as the city buses lose record r‚Ä¶,nytimes,42,-0.7964,0.278,0.657,0.066
Thu Mar 08 16:30:17 +0000 2018,"""In my career, and I‚Äôve been doing this since I was 14, I‚Äôve never seen anything like this. So many more young peop‚Ä¶ https://t.co/jJf19q2wln",nytimes,43,-0.2755,0.088,0.912,0.0
Thu Mar 08 16:15:16 +0000 2018,"RT @nytopinion: Trump's hires include people who confess to crimes, who are secretly operating as foreign agents, who allegedly beat their‚Ä¶",nytimes,44,0.0,0.0,1.0,0.0
Thu Mar 08 16:08:07 +0000 2018,An ex-Russian spy and his daughter are in critical but stable condition after being poisoned by a nerve agent in En‚Ä¶ https://t.co/gUX0Uxm4YT,nytimes,45,-0.4854,0.222,0.673,0.105
Thu Mar 08 16:00:22 +0000 2018,How to spend 36 hours in Auckland https://t.co/iMTInGZYN8,nytimes,46,0.0,0.0,1.0,0.0
Thu Mar 08 15:46:03 +0000 2018,RT @nytpolitics: Robert Mueller has learned of two conversations in recent months in which President Trump asked key witnesses about matter‚Ä¶,nytimes,47,0.0,0.0,1.0,0.0
Thu Mar 08 15:30:04 +0000 2018,"""I collected active-fire data from NASA ‚Äî thermal anomalies, or hot spots, that are recorded daily. It showed dozen‚Ä¶ https://t.co/86kdZT9vJt",nytimes,48,0.0,0.0,1.0,0.0
Thu Mar 08 15:16:03 +0000 2018,The Republican-controlled House plans to vote next week on legislation to beef up security at the nation's schools https://t.co/KspRcraIP6,nytimes,49,0.34,0.0,0.882,0.118
Thu Mar 08 15:04:52 +0000 2018,"@NatalieOrnell This is just a start. We‚Äôll be adding to this collection each week, as Overlooked becomes a regular‚Ä¶ https://t.co/wIgq14YgOD",nytimes,50,-0.0258,0.061,0.939,0.0
Thu Mar 08 15:00:37 +0000 2018,Morning¬†Briefing: Here's what you need to know to start your day https://t.co/LplSWO0gCH https://t.co/eGXYbEWLYF,nytimes,51,0.0,0.0,1.0,0.0
Thu Mar 08 14:43:05 +0000 2018,RT @nytgraphics: Airports and cities around the Bay Area could be submerged in 80 years https://t.co/4WHKg5C4a2,nytimes,52,0.0,0.0,1.0,0.0
Thu Mar 08 14:29:03 +0000 2018,"Florida gun bill: What's in it, and what isn't https://t.co/WP3uMOood0",nytimes,53,-0.34,0.211,0.789,0.0
Thu Mar 08 14:21:12 +0000 2018,The video shows a black man being Tasered and beaten during a confrontation with 2 white police officers who accuse‚Ä¶ https://t.co/cj4LG0F1U1,nytimes,54,-0.6249,0.242,0.758,0.0
Thu Mar 08 14:11:04 +0000 2018,"Feminist groups in Spain asked women to spend no money and to ignore chores for the day to go on a ""domestic"" strike https://t.co/Xq1ooSX9sg",nytimes,55,-0.6369,0.237,0.763,0.0
Thu Mar 08 14:00:29 +0000 2018,China pledged to hit back at the United States if it sets off a trade war https://t.co/3UuDGD2gjF,nytimes,56,-0.2732,0.188,0.676,0.135
Thu Mar 08 13:44:04 +0000 2018,"New York City‚Äôs failing subways get a lot of attention. But its buses, which serve a more vulnerable population, ar‚Ä¶ https://t.co/RhKDwRqBHN",nytimes,57,-0.6697,0.244,0.756,0.0
Thu Mar 08 13:31:04 +0000 2018,Stormy Daniels was the topic du jour of late night comedy on Wednesday. A roundup: https://t.co/mg7cidxv1k,nytimes,58,0.3612,0.0,0.848,0.152
Thu Mar 08 13:20:02 +0000 2018,President Trump dined at the ornate home of a prominent Washington lawyer with wealthy donors who are expected to p‚Ä¶ https://t.co/Hs5DJf5S71,nytimes,59,0.5859,0.0,0.789,0.211
Thu Mar 08 13:08:00 +0000 2018,"Ida B. Wells 1862-1931

‚ÄúSomebody must show that the Afro-American race is more sinned against than sinning, and it‚Ä¶ https://t.co/iu4vU15aBD",nytimes,60,0.25,0.0,0.905,0.095
Thu Mar 08 13:04:00 +0000 2018,"Madhubala 1933-1969

Madhubala was barely 16 when she became a Bollywood superstar. And she was uninhibited for an‚Ä¶ https://t.co/rjxSx8Tg5o",nytimes,61,0.0,0.0,1.0,0.0
Thu Mar 08 13:00:06 +0000 2018,"Since 1851, obituaries in The New York Times have been dominated by white men. Now, we're adding the stories of 15‚Ä¶ https://t.co/DUv6REyUMJ",nytimes,62,0.0,0.0,1.0,0.0
Thu Mar 08 12:49:07 +0000 2018,Morning¬†Briefing: Here's what you need to know to start your day https://t.co/PfZAmKU0Kz https://t.co/CBURYaUUF6,nytimes,63,0.0,0.0,1.0,0.0
Thu Mar 08 12:41:05 +0000 2018,"In Opinion

Op-Ed contributor Sylvie Kauffmann writes, ""Senior European officials admit that however good their coo‚Ä¶ https://t.co/6mZLKkVzmj",nytimes,64,0.5719,0.0,0.761,0.239
Thu Mar 08 12:30:16 +0000 2018,"In two months, the United States plans to open a new embassy to fulfill Trump's recognition of Jerusalem as Israel'‚Ä¶ https://t.co/UJkEf0Xo3b",nytimes,65,0.6908,0.0,0.759,0.241
Thu Mar 08 12:19:04 +0000 2018,"The United States has moved to allow hunters to import big-game trophies, including elephant tusks and lion hides,‚Ä¶ https://t.co/LmyVoENHLl",nytimes,66,0.5719,0.0,0.783,0.217
Thu Mar 08 12:11:04 +0000 2018,"President Trump is set to formalize tariffs on steel and aluminum imports, over the objections of more than 100 Rep‚Ä¶ https://t.co/OiqBm3vxbD",nytimes,67,0.0,0.0,1.0,0.0
Thu Mar 08 11:59:06 +0000 2018,The video shows a black man being Tasered and beaten during a confrontation with 2 white police officers who accuse‚Ä¶ https://t.co/BBaYD3JbnV,nytimes,68,-0.6249,0.242,0.758,0.0
Thu Mar 08 11:50:00 +0000 2018,@ChuBailiang Even those who thought that they had taken the full measure of Xi Jinping's ambition are surprised by‚Ä¶ https://t.co/Mlz3e1e8wp,nytimes,69,0.2263,0.0,0.909,0.091
Thu Mar 08 11:45:04 +0000 2018,"A group of 11 nations ‚Äî including major U.S. allies like Japan, Canada and Australia ‚Äî is set to sign a broad trade‚Ä¶ https://t.co/kbxPa3e9X6",nytimes,70,0.3612,0.0,0.884,0.116
Thu Mar 08 11:30:27 +0000 2018,Morning¬†Briefing: Here's what you need to know to start your day https://t.co/uA0TR0tqy9 https://t.co/07nGM9rwNh,nytimes,71,0.0,0.0,1.0,0.0
Thu Mar 08 11:15:06 +0000 2018,Even those who thought that they had taken the full measure of Xi Jinpin's ambition are surprised by how fast he ha‚Ä¶ https://t.co/R2YpFopJoY,nytimes,72,0.2263,0.0,0.921,0.079
Thu Mar 08 11:00:04 +0000 2018,These extraordinary women ‚Äî and so many others ‚Äî did not have obituaries in The New York Times. Until now. https://t.co/wXBoqxi2TZ,nytimes,73,0.0,0.0,1.0,0.0
Thu Mar 08 10:47:06 +0000 2018,"Peter Madsen, who is said to have killed and dismembered journalist Kim Wall, goes on trial in Denmark https://t.co/Fp3E6IYchG",nytimes,74,-0.6705,0.2,0.8,0.0
Thu Mar 08 10:30:10 +0000 2018,"RT @RorySmith: What struck me most about Juventus last night was that, in those last 15 minutes, Chiellini and Barzagli were definitely hav‚Ä¶",nytimes,75,0.1779,0.078,0.817,0.105
Thu Mar 08 10:16:04 +0000 2018,"""The E.U. is concerned that behind it all, there are people in the U.S. administration that don't care that there m‚Ä¶ https://t.co/dPxO0566Sx",nytimes,76,-0.3875,0.111,0.889,0.0
Thu Mar 08 09:59:08 +0000 2018,How to cut down on unwanted junk mail https://t.co/K4kUYQGmvK,nytimes,77,-0.4588,0.364,0.636,0.0
Thu Mar 08 09:45:11 +0000 2018,"Trump asked his former chief of staff, Reince Priebus, how his interview had gone with the special counsel‚Äôs invest‚Ä¶ https://t.co/Exmmktzf6F",nytimes,78,0.4019,0.0,0.876,0.124
Thu Mar 08 09:30:09 +0000 2018,"""This is being treated as a major incident involving attempted murder by administration of a nerve agent,"" said Bri‚Ä¶ https://t.co/8nQVbAgnMb",nytimes,79,-0.6908,0.217,0.783,0.0
Thu Mar 08 09:14:08 +0000 2018,"The cells that eat, regurgitate and then re-eat your tattoos https://t.co/PUQV5Nd1IV",nytimes,80,0.0,0.0,1.0,0.0
Thu Mar 08 09:02:02 +0000 2018,"President Trump asked key witnesses in the Russia inquiry about matters they discussed with the special counsel, ig‚Ä¶ https://t.co/3Q0HLS2ni3",nytimes,81,0.4215,0.0,0.817,0.183
Thu Mar 08 08:47:01 +0000 2018,The excavation of Rome‚Äôs newest subway line has been the gift that keeps on giving for archaeologists https://t.co/pFdiUHTYKC,nytimes,82,0.6486,0.0,0.751,0.249
Thu Mar 08 08:32:07 +0000 2018,"The U.S. will allow hunters to import big-game trophies, including elephant tusks and lion hides, acquired in certa‚Ä¶ https://t.co/4NaALCmuNw",nytimes,83,0.0516,0.083,0.825,0.092
Thu Mar 08 08:17:06 +0000 2018,RT @nytimesworld: ‚ÄúWill she also call on the crown prince to halt the shocking abuse of human rights in Saudi Arabia?‚Äù -- Jeremy Corbyn on‚Ä¶,nytimes,84,-0.7845,0.231,0.769,0.0
Thu Mar 08 08:02:07 +0000 2018,Millions of women and children work as sex slaves in India. Meet the woman who has put her life at risk to rescue 2‚Ä¶ https://t.co/FIEVspBiww,nytimes,85,0.296,0.074,0.81,0.116
Thu Mar 08 07:58:15 +0000 2018,"Listen, There‚Äôs a Smorgasbord of Great Carpets Out There https://t.co/Y9N95RI94Q",nytimes,86,0.6249,0.0,0.661,0.339
Thu Mar 08 07:32:05 +0000 2018,"RT @nytopinion: Trump could hammer out a bipartisan deal for universal background checks, writes @NickKristof, but he's too afraid of the N‚Ä¶",nytimes,87,0.0,0.0,1.0,0.0
Thu Mar 08 07:01:35 +0000 2018,"Serve it straight out of the oven, when it's at its puffiest https://t.co/XWvCigl1HA",nytimes,88,0.2263,0.0,0.863,0.137
Thu Mar 08 06:45:12 +0000 2018,Contributing Op-Ed Writer: Why Europe Is Giving Up on Trump‚Äôs America https://t.co/2umlXtmadJ,nytimes,89,0.34,0.0,0.821,0.179
Thu Mar 08 06:43:05 +0000 2018,RT @nytimesworld: ‚ÄúWe had hoped that you ‚Äî as someone we and many others have celebrated for your commitment to human dignity and universal‚Ä¶,nytimes,90,0.891,0.0,0.621,0.379
Thu Mar 08 06:25:08 +0000 2018,"‚ÄúI get a lot of ‚ÄòI feel sorry for your baby.‚Äô Or, ‚ÄòDon‚Äôt you need to be at home with your baby?‚Äô Or, ‚ÄòA mother not‚Ä¶ https://t.co/ra1r4o25Ac",nytimes,91,-0.0772,0.049,0.951,0.0
Thu Mar 08 06:02:03 +0000 2018,"RT @katierogers: No regrets on the TV marathon, but: ‚ÄúI thought it was a teachable moment, that Americans can understand what this process‚Ä¶",nytimes,92,-0.3291,0.143,0.857,0.0
Thu Mar 08 05:41:03 +0000 2018,It is believed to be the oldest known message in a bottle ever recovered https://t.co/V3Oj3LFgAq,nytimes,93,0.0,0.0,1.0,0.0
Thu Mar 08 05:21:02 +0000 2018,More than 100 Republican lawmakers implored President Trump to drop plans for stiff and sweeping steel and aluminum‚Ä¶ https://t.co/mPdlD6h218,nytimes,94,-0.2732,0.104,0.896,0.0
Thu Mar 08 05:05:02 +0000 2018,Italy‚Äôs Populist Surge May Delay End to Eurozone Stimulus https://t.co/XqALTkPuDu,nytimes,95,-0.3182,0.204,0.796,0.0
Thu Mar 08 05:02:02 +0000 2018,President Trump's lawyer secretly obtained a restraining order last week to keep the porn star Stormy Daniels quiet‚Ä¶ https://t.co/5Hz6RJu0NB,nytimes,96,0.0,0.0,1.0,0.0
Thu Mar 08 04:47:04 +0000 2018,"RT @nytopinion: Mass incarceration is inextricably linked to mass undereducation in America. Yale, Princeton, Cornell, Georgetown, Wesleyan‚Ä¶",nytimes,97,0.0,0.0,1.0,0.0
Thu Mar 08 04:32:02 +0000 2018,The ground around San Francisco Bay is sinking to meet the rising sea https://t.co/3xqicxssMY,nytimes,98,0.0,0.0,1.0,0.0
Thu Mar 08 04:17:05 +0000 2018,"RT @NickKristof: ""President Trump, Here‚Äôs a teenage hero who stood up to a gunman. Now it's your turn."" My column https://t.co/AMnkU6EijU h‚Ä¶",nytimes,99,0.5574,0.0,0.841,0.159
Thu Mar 08 04:02:03 +0000 2018,"Jared Kushner met with Mexico‚Äôs president, underscoring a shift in U.S. diplomacy https://t.co/mU0Pzs1LTZ",nytimes,100,0.0,0.0,1.0,0.0
